,symbol,open_time,open,high,low,close,volume_coin,close_time,volume,num_of_trades,buy_volume_coin,buy_volume,ignore,date
0,BTCUSDT,1606348800000,18741.66,18745.32,18701.44,18741.13,798.233,1606348859999,14944295.77263,2621,364.626,6827141.98204,0,1970-01-01 00:00:01.606348800
1,BTCUSDT,1606348860000,18740.83,18740.83,18678.87,18707.17,644.560,1606348919999,12056845.30867,2759,229.867,4299969.26744,0,1970-01-01 00:00:01.606348860
2,BTCUSDT,1606348920000,18707.18,18718.9,18654.54,18658.06,748.907,1606348979999,13988943.99736,2879,292.547,5466167.15889,0,1970-01-01 00:00:01.606348920
3,BTCUSDT,1606348980000,18658.05,18698.69,18630.96,18673.02,1020.740,1606349039999,19046329.74368,3689,502.528,9378197.14392,0,1970-01-01 00:00:01.606348980
4,BTCUSDT,1606349040000,18675.01,18699.0,18634.1,18664.71,634.190,1606349099999,11837915.20557,2784,344.434,6429107.68013,0,1970-01-01 00:00:01.606349040
5,BTCUSDT,1606349100000,18664.71,18700.0,18656.41,18696.86,402.377,1606349159999,7517312.23446,1915,322.707,6028923.03088,0,1970-01-01 00:00:01.606349100
6,BTCUSDT,1606349160000,18697.82,18723.49,18678.96,18703.37,263.089,1606349219999,4920106.83959,1754,147.292,2755062.88229,0,1970-01-01 00:00:01.606349160
7,BTCUSDT,1606349220000,18703.36,18717.51,18687.56,18704.29,131.631,1606349279999,2461978.45173,1063,68.985,1290259.41565,0,1970-01-01 00:00:01.606349220
8,BTCUSDT,1606349280000,18703.63,18732.38,18700.01,18724.8,233.036,1606349339999,4362040.13686,1325,164.043,3070667.11316,0,1970-01-01 00:00:01.606349280
9,BTCUSDT,1606349340000,18724.8,18784.09,18716.95,18765.0,792.051,1606349399999,14857489.50006,2792,604.041,11329847.08888,0,1970-01-01 00:00:01.606349340
10,BTCUSDT,1606349400000,18765.0,18791.2,18761.34,18786.86,388.317,1606349459999,7292472.32701,1646,241.360,4532671.70330,0,1970-01-01 00:00:01.606349400
11,BTCUSDT,1606349460000,18786.86,18795.5,18786.85,18790.0,183.461,1606349519999,3447576.75582,1108,126.172,2371028.00646,0,1970-01-01 00:00:01.606349460
12,BTCUSDT,1606349520000,18791.0,18791.0,18761.93,18762.11,384.892,1606349579999,7225463.4858,1446,56.192,1054957.48223,0,1970-01-01 00:00:01.606349520
13,BTCUSDT,1606349580000,18762.46,18781.48,18756.11,18781.48,236.768,1606349639999,4444292.05797,1133,114.415,2148126.52249,0,1970-01-01 00:00:01.606349580
14,BTCUSDT,1606349640000,18781.47,18805.99,18763.84,18800.01,449.790,1606349699999,8452168.43548,1572,297.676,5594283.65550,0,1970-01-01 00:00:01.606349640
15,BTCUSDT,1606349700000,18800.01,18819.28,18795.0,18819.02,336.187,1606349759999,6324004.00566,1253,217.286,4087477.33839,0,1970-01-01 00:00:01.606349700
16,BTCUSDT,1606349760000,18819.02,18840.0,18818.0,18837.53,384.370,1606349819999,7236685.97681,1680,224.513,4227259.12394,0,1970-01-01 00:00:01.606349760
17,BTCUSDT,1606349820000,18837.54,18849.48,18823.5,18835.95,375.333,1606349879999,7069153.72472,1433,172.163,3243014.16562,0,1970-01-01 00:00:01.606349820
18,BTCUSDT,1606349880000,18835.95,18837.0,18822.88,18833.89,208.217,1606349939999,3920794.59447,1087,62.931,1185016.72934,0,1970-01-01 00:00:01.606349880
19,BTCUSDT,1606349940000,18834.56,18834.8,18806.01,18827.52,302.016,1606349999999,5683873.70047,1295,49.896,938901.72159,0,1970-01-01 00:00:01.606349940
20,BTCUSDT,1606350000000,18827.52,18836.43,18814.8,18830.83,142.272,1606350059999,2678395.86164,1019,69.853,1315092.34521,0,1970-01-01 00:00:01.606350000
21,BTCUSDT,1606350060000,18830.83,18830.84,18815.75,18820.49,95.171,1606350119999,1791221.09069,786,39.284,739378.75278,0,1970-01-01 00:00:01.606350060
22,BTCUSDT,1606350120000,18820.49,18861.04,18817.08,18861.04,254.791,1606350179999,4801851.01133,1186,164.164,3094416.29668,0,1970-01-01 00:00:01.606350120
23,BTCUSDT,1606350180000,18861.04,18866.0,18844.2,18848.37,266.081,1606350239999,5016342.85284,1425,73.819,1391998.54297,0,1970-01-01 00:00:01.606350180
24,BTCUSDT,1606350240000,18848.37,18849.67,18818.91,18827.85,168.821,1606350299999,3178986.30015,907,40.417,761064.72843,0,1970-01-01 00:00:01.606350240
25,BTCUSDT,1606350300000,18827.69,18833.85,18817.11,18817.41,93.339,1606350359999,1756958.24559,650,31.592,594649.90120,0,1970-01-01 00:00:01.606350300
26,BTCUSDT,1606350360000,18817.42,18845.98,18813.0,18844.93,138.027,1606350419999,2598597.35216,661,71.908,1353968.40831,0,1970-01-01 00:00:01.606350360
27,BTCUSDT,1606350420000,18845.11,18894.78,18833.82,18885.01,1031.331,1606350479999,19464945.04565,2230,845.438,15956928.37779,0,1970-01-01 00:00:01.606350420
28,BTCUSDT,1606350480000,18885.01,18895.73,18870.6,18881.65,488.704,1606350539999,9228574.42341,1871,236.851,4473299.40843,0,1970-01-01 00:00:01.606350480
29,BTCUSDT,1606350540000,18881.64,18895.64,18871.0,18883.01,204.771,1606350599999,3866830.39497,981,86.712,1637662.58665,0,1970-01-01 00:00:01.606350540
30,BTCUSDT,1606350600000,18883.0,18890.0,18864.76,18888.7,275.813,1606350659999,5205813.98506,1231,114.819,2167554.87146,0,1970-01-01 00:00:01.606350600
31,BTCUSDT,1606350660000,18886.32,18888.5,18859.76,18863.85,271.323,1606350719999,5120399.78464,974,76.983,1452920.18892,0,1970-01-01 00:00:01.606350660
32,BTCUSDT,1606350720000,18863.85,18866.82,18857.0,18866.16,142.160,1606350779999,2681188.32283,730,73.671,1389463.05868,0,1970-01-01 00:00:01.606350720
33,BTCUSDT,1606350780000,18866.17,18880.0,18857.55,18869.53,112.677,1606350839999,2125834.79717,605,65.805,1241534.33259,0,1970-01-01 00:00:01.606350780
34,BTCUSDT,1606350840000,18869.54,18872.99,18858.48,18858.48,81.339,1606350899999,1534562.06371,521,29.275,552338.43460,0,1970-01-01 00:00:01.606350840
35,BTCUSDT,1606350900000,18858.49,18858.49,18845.19,18846.58,196.927,1606350959999,3712128.30157,839,56.981,1074066.74349,0,1970-01-01 00:00:01.606350900
36,BTCUSDT,1606350960000,18846.52,18873.29,18844.83,18872.51,130.107,1606351019999,2453159.70393,803,70.604,1331336.11365,0,1970-01-01 00:00:01.606350960
37,BTCUSDT,1606351020000,18871.99,18893.73,18867.71,18893.72,182.951,1606351079999,3455010.0479,908,112.277,2120388.61613,0,1970-01-01 00:00:01.606351020
38,BTCUSDT,1606351080000,18893.73,18914.19,18890.78,18900.95,377.613,1606351139999,7138024.37243,1807,255.085,4821962.54940,0,1970-01-01 00:00:01.606351080
39,BTCUSDT,1606351140000,18901.25,18940.69,18901.25,18913.67,563.577,1606351199999,10663636.4261,2289,369.334,6988297.64059,0,1970-01-01 00:00:01.606351140
40,BTCUSDT,1606351200000,18913.69,18917.72,18893.27,18896.48,359.009,1606351259999,6786399.63851,1518,175.404,3315865.35243,0,1970-01-01 00:00:01.606351200
41,BTCUSDT,1606351260000,18896.47,18897.07,18861.59,18875.17,366.626,1606351319999,6920296.90446,1402,112.994,2132544.10280,0,1970-01-01 00:00:01.606351260
42,BTCUSDT,1606351320000,18875.16,18902.22,18872.08,18881.46,246.929,1606351379999,4663958.31533,987,182.046,3438536.94025,0,1970-01-01 00:00:01.606351320
43,BTCUSDT,1606351380000,18881.45,18895.8,18870.05,18886.44,221.422,1606351439999,4180434.8948,946,73.609,1389784.82079,0,1970-01-01 00:00:01.606351380
44,BTCUSDT,1606351440000,18886.44,18887.0,18870.41,18878.12,141.920,1606351499999,2679458.4868,950,56.801,1072380.92865,0,1970-01-01 00:00:01.606351440
45,BTCUSDT,1606351500000,18878.11,18907.67,18878.11,18902.63,159.606,1606351559999,3015947.73934,769,94.023,1776733.14650,0,1970-01-01 00:00:01.606351500
46,BTCUSDT,1606351560000,18901.91,18911.99,18898.29,18908.55,299.568,1606351619999,5663596.1584,1170,151.631,2867034.99175,0,1970-01-01 00:00:01.606351560
47,BTCUSDT,1606351620000,18908.54,18910.0,18886.39,18890.69,160.257,1606351679999,3028696.94726,821,54.453,1029049.61698,0,1970-01-01 00:00:01.606351620
48,BTCUSDT,1606351680000,18889.5,18890.99,18872.5,18873.04,162.030,1606351739999,3059142.14801,678,68.550,1294400.99553,0,1970-01-01 00:00:01.606351680
49,BTCUSDT,1606351740000,18872.5,18878.94,18862.73,18871.27,134.573,1606351799999,2539186.35744,765,58.564,1105085.04094,0,1970-01-01 00:00:01.606351740
50,BTCUSDT,1606351800000,18871.26,18875.0,18862.5,18875.0,129.335,1606351859999,2440463.79565,616,82.820,1562707.72841,0,1970-01-01 00:00:01.606351800
51,BTCUSDT,1606351860000,18879.61,18882.28,18860.0,18868.14,138.024,1606351919999,2604245.66344,833,25.968,489956.06899,0,1970-01-01 00:00:01.606351860
52,BTCUSDT,1606351920000,18868.07,18871.51,18844.83,18848.17,234.118,1606351979999,4413989.05123,1003,23.454,442201.89636,0,1970-01-01 00:00:01.606351920
53,BTCUSDT,1606351980000,18848.04,18859.56,18834.0,18834.96,174.067,1606352039999,3280651.52345,821,30.222,569646.27929,0,1970-01-01 00:00:01.606351980
54,BTCUSDT,1606352040000,18834.97,18839.93,18822.0,18836.92,280.201,1606352099999,5276580.90883,1217,66.898,1259853.83277,0,1970-01-01 00:00:01.606352040
55,BTCUSDT,1606352100000,18838.28,18859.92,18834.0,18859.53,225.056,1606352159999,4242115.15024,909,89.783,1692326.31967,0,1970-01-01 00:00:01.606352100
56,BTCUSDT,1606352160000,18859.52,18871.14,18852.67,18868.46,172.652,1606352219999,3256950.49739,895,78.984,1489933.05357,0,1970-01-01 00:00:01.606352160
57,BTCUSDT,1606352220000,18868.47,18874.71,18851.63,18855.82,93.995,1606352279999,1773429.19561,630,35.789,675275.64186,0,1970-01-01 00:00:01.606352220
58,BTCUSDT,1606352280000,18855.82,18879.97,18852.0,18879.97,107.002,1606352339999,2018781.70201,568,64.528,1217629.95927,0,1970-01-01 00:00:01.606352280
59,BTCUSDT,1606352340000,18879.97,18886.92,18879.97,18886.43,86.360,1606352399999,1630606.26213,693,48.444,914709.57924,0,1970-01-01 00:00:01.606352340
60,BTCUSDT,1606352400000,18886.44,18892.0,18850.73,18851.36,215.124,1606352459999,4060480.32964,1000,82.183,1551767.88911,0,1970-01-01 00:00:01.606352400
61,BTCUSDT,1606352460000,18851.36,18851.37,18816.82,18830.99,446.416,1606352519999,8406865.27114,1522,70.088,1319622.33586,0,1970-01-01 00:00:01.606352460
62,BTCUSDT,1606352520000,18831.0,18838.86,18824.0,18836.24,125.759,1606352579999,2368129.78031,879,56.787,1069331.73462,0,1970-01-01 00:00:01.606352520
63,BTCUSDT,1606352580000,18835.64,18867.0,18831.99,18864.45,165.222,1606352639999,3113726.65307,816,93.344,1759379.24350,0,1970-01-01 00:00:01.606352580
64,BTCUSDT,1606352640000,18864.45,18892.93,18858.83,18891.29,166.876,1606352699999,3150653.11645,931,75.194,1419788.16333,0,1970-01-01 00:00:01.606352640
65,BTCUSDT,1606352700000,18891.3,18898.6,18883.0,18893.0,110.902,1606352759999,2094960.75399,789,43.672,825034.33945,0,1970-01-01 00:00:01.606352700
66,BTCUSDT,1606352760000,18892.99,18896.19,18872.54,18887.51,115.657,1606352819999,2184125.56308,763,34.559,652643.76632,0,1970-01-01 00:00:01.606352760
67,BTCUSDT,1606352820000,18887.45,18896.5,18881.92,18891.23,127.339,1606352879999,2405207.24218,842,49.348,932048.59315,0,1970-01-01 00:00:01.606352820
68,BTCUSDT,1606352880000,18890.72,18898.0,18877.85,18882.19,93.497,1606352939999,1765909.01336,654,36.400,687557.94087,0,1970-01-01 00:00:01.606352880
69,BTCUSDT,1606352940000,18882.18,18894.53,18882.05,18893.19,132.440,1606352999999,2501606.30558,742,97.996,1850983.20407,0,1970-01-01 00:00:01.606352940
70,BTCUSDT,1606353000000,18893.18,18910.0,18889.62,18902.0,233.321,1606353059999,4410455.79987,864,139.256,2632265.58125,0,1970-01-01 00:00:01.606353000
71,BTCUSDT,1606353060000,18902.0,18904.53,18892.22,18899.13,131.572,1606353119999,2486493.16957,669,75.408,1425111.59194,0,1970-01-01 00:00:01.606353060
72,BTCUSDT,1606353120000,18899.13,18902.7,18890.0,18900.46,56.735,1606353179999,1071938.21422,455,26.941,509030.77314,0,1970-01-01 00:00:01.606353120
73,BTCUSDT,1606353180000,18900.46,18905.0,18890.91,18895.54,61.724,1606353239999,1166435.8043,503,34.769,657094.69309,0,1970-01-01 00:00:01.606353180
74,BTCUSDT,1606353240000,18893.4,18893.4,18876.84,18876.85,120.874,1606353299999,2282567.01812,588,18.732,353775.66663,0,1970-01-01 00:00:01.606353240
75,BTCUSDT,1606353300000,18876.84,18876.84,18860.35,18863.49,131.837,1606353359999,2487248.62251,758,56.410,1064079.10183,0,1970-01-01 00:00:01.606353300
76,BTCUSDT,1606353360000,18863.5,18863.5,18841.0,18844.7,146.807,1606353419999,2767326.24106,916,68.796,1296813.98566,0,1970-01-01 00:00:01.606353360
77,BTCUSDT,1606353420000,18844.41,18859.0,18838.88,18847.27,168.599,1606353479999,3177358.9809,764,95.432,1798563.51074,0,1970-01-01 00:00:01.606353420
78,BTCUSDT,1606353480000,18847.27,18861.51,18842.86,18860.76,68.674,1606353539999,1294526.8935,522,30.737,579423.01037,0,1970-01-01 00:00:01.606353480
79,BTCUSDT,1606353540000,18860.75,18863.23,18853.47,18859.71,94.526,1606353599999,1782677.38838,502,33.783,637122.89333,0,1970-01-01 00:00:01.606353540
80,BTCUSDT,1606353600000,18859.72,18859.72,18838.87,18845.29,133.029,1606353659999,2507023.3852,704,46.616,878521.44855,0,1970-01-01 00:00:01.606353600
81,BTCUSDT,1606353660000,18845.48,18845.48,18822.38,18831.83,273.833,1606353719999,5156556.72562,958,67.989,1280285.63432,0,1970-01-01 00:00:01.606353660
82,BTCUSDT,1606353720000,18831.83,18850.06,18820.0,18845.1,207.869,1606353779999,3914455.75192,970,80.443,1515125.85759,0,1970-01-01 00:00:01.606353720
83,BTCUSDT,1606353780000,18845.1,18855.94,18837.01,18837.02,118.769,1606353839999,2238754.65961,511,34.559,651441.28394,0,1970-01-01 00:00:01.606353780
84,BTCUSDT,1606353840000,18837.02,18850.0,18831.64,18831.64,79.137,1606353899999,1490956.49613,527,25.200,474729.99743,0,1970-01-01 00:00:01.606353840
85,BTCUSDT,1606353900000,18831.65,18838.81,18817.25,18817.25,120.623,1606353959999,2270921.57492,833,27.590,519485.04027,0,1970-01-01 00:00:01.606353900
86,BTCUSDT,1606353960000,18817.24,18828.17,18815.75,18825.89,194.417,1606354019999,3659185.96098,810,80.458,1514357.12100,0,1970-01-01 00:00:01.606353960
87,BTCUSDT,1606354020000,18825.9,18826.99,18813.0,18813.0,205.898,1606354079999,3874403.92508,738,12.432,233938.30290,0,1970-01-01 00:00:01.606354020
88,BTCUSDT,1606354080000,18813.0,18813.01,18802.34,18805.66,242.777,1606354139999,4566227.30017,980,52.215,981983.29271,0,1970-01-01 00:00:01.606354080
89,BTCUSDT,1606354140000,18805.66,18826.88,18792.9,18825.09,260.815,1606354199999,4904757.21099,1328,108.912,2048676.11241,0,1970-01-01 00:00:01.606354140
90,BTCUSDT,1606354200000,18824.61,18826.87,18793.16,18795.15,192.927,1606354259999,3628700.23674,966,64.685,1216624.67953,0,1970-01-01 00:00:01.606354200
91,BTCUSDT,1606354260000,18795.15,18797.63,18770.0,18778.0,320.603,1606354319999,6021704.9058,1495,97.509,1831416.12949,0,1970-01-01 00:00:01.606354260
92,BTCUSDT,1606354320000,18778.01,18794.09,18765.06,18791.96,211.425,1606354379999,3970428.1238,966,135.704,2548380.25879,0,1970-01-01 00:00:01.606354320
93,BTCUSDT,1606354380000,18791.96,18821.88,18791.96,18816.63,271.566,1606354439999,5108254.48252,1104,173.612,3265606.56952,0,1970-01-01 00:00:01.606354380
94,BTCUSDT,1606354440000,18816.63,18816.64,18793.43,18794.31,97.180,1606354499999,1827222.20846,715,19.704,370472.89723,0,1970-01-01 00:00:01.606354440
95,BTCUSDT,1606354500000,18795.58,18824.81,18795.57,18807.27,129.612,1606354559999,2438265.83108,689,66.760,1255725.05140,0,1970-01-01 00:00:01.606354500
96,BTCUSDT,1606354560000,18807.27,18835.69,18802.99,18831.01,99.505,1606354619999,1872653.65085,696,49.143,924869.70128,0,1970-01-01 00:00:01.606354560
97,BTCUSDT,1606354620000,18831.41,18836.16,18816.24,18825.78,139.558,1606354679999,2627182.72179,609,57.520,1082829.87031,0,1970-01-01 00:00:01.606354620
98,BTCUSDT,1606354680000,18825.77,18827.56,18815.64,18827.56,34.217,1606354739999,644002.74447,344,16.419,309039.21282,0,1970-01-01 00:00:01.606354680
99,BTCUSDT,1606354740000,18827.55,18840.9,18827.35,18838.07,119.555,1606354799999,2251856.83866,589,80.693,1519867.27736,0,1970-01-01 00:00:01.606354740
100,BTCUSDT,1606354800000,18838.06,18838.06,18816.6,18830.01,105.154,1606354859999,1979795.08141,581,47.053,885894.77950,0,1970-01-01 00:00:01.606354800
101,BTCUSDT,1606354860000,18830.01,18830.58,18816.22,18830.57,90.844,1606354919999,1709934.75248,458,38.556,725664.15769,0,1970-01-01 00:00:01.606354860
102,BTCUSDT,1606354920000,18830.57,18840.9,18821.94,18840.0,66.392,1606354979999,1250459.20593,437,33.720,635059.90312,0,1970-01-01 00:00:01.606354920
103,BTCUSDT,1606354980000,18839.99,18845.1,18838.0,18842.0,65.591,1606355039999,1235849.12146,425,52.345,986265.79483,0,1970-01-01 00:00:01.606354980
104,BTCUSDT,1606355040000,18842.0,18865.94,18841.79,18859.0,219.864,1606355099999,4145769.58373,952,143.596,2707527.67210,0,1970-01-01 00:00:01.606355040
105,BTCUSDT,1606355100000,18859.0,18860.01,18828.75,18829.02,184.665,1606355159999,3479506.88009,761,44.020,829417.19783,0,1970-01-01 00:00:01.606355100
106,BTCUSDT,1606355160000,18828.76,18837.88,18817.11,18828.92,118.212,1606355219999,2225144.79789,667,42.834,806249.83618,0,1970-01-01 00:00:01.606355160
107,BTCUSDT,1606355220000,18828.92,18828.92,18812.35,18812.49,103.349,1606355279999,1945041.90466,579,37.359,703100.45926,0,1970-01-01 00:00:01.606355220
108,BTCUSDT,1606355280000,18812.48,18812.49,18794.7,18794.7,129.846,1606355339999,2441637.42101,768,30.869,580464.85589,0,1970-01-01 00:00:01.606355280
109,BTCUSDT,1606355340000,18794.7,18797.25,18777.56,18778.18,235.020,1606355399999,4415190.63126,797,82.032,1540796.50988,0,1970-01-01 00:00:01.606355340
110,BTCUSDT,1606355400000,18778.18,18804.61,18766.5,18804.61,197.139,1606355459999,3702650.42797,962,107.242,2014566.68263,0,1970-01-01 00:00:01.606355400
111,BTCUSDT,1606355460000,18804.6,18813.68,18800.69,18809.12,132.052,1606355519999,2483513.98424,703,71.546,1345526.02376,0,1970-01-01 00:00:01.606355460
112,BTCUSDT,1606355520000,18808.39,18810.0,18801.25,18807.98,77.340,1606355579999,1454470.4336,377,14.891,280037.19831,0,1970-01-01 00:00:01.606355520
113,BTCUSDT,1606355580000,18807.97,18809.99,18792.62,18794.76,89.591,1606355639999,1684264.55898,473,25.540,480135.06098,0,1970-01-01 00:00:01.606355580
114,BTCUSDT,1606355640000,18794.75,18794.75,18773.35,18775.79,154.717,1606355699999,2906303.24121,644,61.652,1158080.90222,0,1970-01-01 00:00:01.606355640
115,BTCUSDT,1606355700000,18775.79,18820.0,18775.79,18807.01,317.769,1606355759999,5975447.1608,1224,229.563,4316874.40454,0,1970-01-01 00:00:01.606355700
116,BTCUSDT,1606355760000,18807.02,18843.26,18800.0,18843.25,203.616,1606355819999,3833518.44556,932,136.559,2571063.72630,0,1970-01-01 00:00:01.606355760
117,BTCUSDT,1606355820000,18843.26,18843.74,18825.33,18830.62,142.460,1606355879999,2682793.0364,685,43.648,821990.54985,0,1970-01-01 00:00:01.606355820
118,BTCUSDT,1606355880000,18830.61,18834.07,18824.5,18829.99,49.101,1606355939999,924558.97578,414,24.899,468848.16639,0,1970-01-01 00:00:01.606355880
119,BTCUSDT,1606355940000,18830.0,18836.93,18807.48,18817.81,94.959,1606355999999,1787288.83104,557,17.003,320050.22410,0,1970-01-01 00:00:01.606355940
120,BTCUSDT,1606356000000,18817.8,18825.37,18793.3,18798.32,280.985,1606356059999,5283866.63727,896,67.343,1266542.01288,0,1970-01-01 00:00:01.606356000
121,BTCUSDT,1606356060000,18797.74,18805.55,18793.3,18794.11,92.756,1606356119999,1743512.98672,488,49.267,926065.91861,0,1970-01-01 00:00:01.606356060
122,BTCUSDT,1606356120000,18794.11,18794.11,18754.86,18759.39,355.882,1606356179999,6680146.75196,1685,101.509,1905464.53699,0,1970-01-01 00:00:01.606356120
123,BTCUSDT,1606356180000,18757.27,18771.61,18726.0,18726.62,755.194,1606356239999,14155551.10108,2417,345.435,6474875.66846,0,1970-01-01 00:00:01.606356180
124,BTCUSDT,1606356240000,18726.02,18756.37,18719.68,18727.31,485.148,1606356299999,9088916.16739,1974,273.818,5130448.11091,0,1970-01-01 00:00:01.606356240
125,BTCUSDT,1606356300000,18727.31,18740.7,18717.39,18721.7,270.885,1606356359999,5072987.81956,1300,140.285,2627281.60784,0,1970-01-01 00:00:01.606356300
126,BTCUSDT,1606356360000,18721.71,18737.76,18706.0,18715.14,374.874,1606356419999,7017998.23718,1377,116.104,2174210.32982,0,1970-01-01 00:00:01.606356360
127,BTCUSDT,1606356420000,18715.14,18738.32,18713.15,18717.99,132.734,1606356479999,2485638.68627,757,80.903,1515083.56272,0,1970-01-01 00:00:01.606356420
128,BTCUSDT,1606356480000,18717.99,18722.6,18699.51,18706.93,380.200,1606356539999,7111865.01217,1606,104.603,1957091.32825,0,1970-01-01 00:00:01.606356480
129,BTCUSDT,1606356540000,18706.92,18724.33,18695.56,18710.01,186.802,1606356599999,3495062.0922,1128,133.042,2489328.17028,0,1970-01-01 00:00:01.606356540
130,BTCUSDT,1606356600000,18710.0,18732.21,18700.0,18700.01,311.335,1606356659999,5827239.9631,1300,148.340,2776420.15325,0,1970-01-01 00:00:01.606356600
131,BTCUSDT,1606356660000,18700.0,18706.58,18675.81,18684.0,270.753,1606356719999,5059550.3627,1376,44.561,832705.01371,0,1970-01-01 00:00:01.606356660
132,BTCUSDT,1606356720000,18683.99,18690.0,18675.05,18689.99,303.779,1606356779999,5675006.6218,1433,144.511,2699765.57774,0,1970-01-01 00:00:01.606356720
133,BTCUSDT,1606356780000,18690.0,18716.88,18684.36,18716.88,224.472,1606356839999,4197451.79102,1103,138.642,2592585.54903,0,1970-01-01 00:00:01.606356780
134,BTCUSDT,1606356840000,18716.88,18731.37,18708.34,18726.31,215.242,1606356899999,4030102.61465,1058,116.483,2180970.61816,0,1970-01-01 00:00:01.606356840
135,BTCUSDT,1606356900000,18726.32,18731.38,18679.05,18687.2,270.195,1606356959999,5053402.37518,1211,84.264,1576177.31407,0,1970-01-01 00:00:01.606356900
136,BTCUSDT,1606356960000,18686.73,18690.0,18651.0,18656.92,478.287,1606357019999,8927188.56832,1915,147.394,2751203.08228,0,1970-01-01 00:00:01.606356960
137,BTCUSDT,1606357020000,18656.67,18688.34,18653.84,18688.34,242.419,1606357079999,4525460.38554,1149,150.716,2813282.25073,0,1970-01-01 00:00:01.606357020
138,BTCUSDT,1606357080000,18685.25,18695.22,18680.0,18690.7,152.240,1606357139999,2845191.01912,919,67.683,1264927.38451,0,1970-01-01 00:00:01.606357080
139,BTCUSDT,1606357140000,18690.7,18700.0,18690.7,18699.74,124.024,1606357199999,2318864.77394,567,84.616,1582042.91281,0,1970-01-01 00:00:01.606357140
140,BTCUSDT,1606357200000,18699.73,18719.31,18699.73,18706.02,166.911,1606357259999,3122528.01156,925,102.387,1915366.80235,0,1970-01-01 00:00:01.606357200
141,BTCUSDT,1606357260000,18706.02,18708.83,18670.05,18687.36,211.776,1606357319999,3958172.94869,791,47.874,894470.23883,0,1970-01-01 00:00:01.606357260
142,BTCUSDT,1606357320000,18687.36,18687.36,18660.65,18663.29,186.078,1606357379999,3474131.82917,1351,97.646,1822972.26724,0,1970-01-01 00:00:01.606357320
143,BTCUSDT,1606357380000,18662.78,18703.73,18662.78,18680.68,207.889,1606357439999,3884625.10428,1269,93.247,1742259.88779,0,1970-01-01 00:00:01.606357380
144,BTCUSDT,1606357440000,18680.68,18682.77,18653.84,18657.48,225.672,1606357499999,4211614.53537,1550,68.266,1273988.37413,0,1970-01-01 00:00:01.606357440
145,BTCUSDT,1606357500000,18657.48,18657.48,18571.07,18632.82,1792.003,1606357559999,33358888.56622,7467,481.288,8959994.22993,0,1970-01-01 00:00:01.606357500
146,BTCUSDT,1606357560000,18632.81,18634.78,18561.73,18576.23,567.805,1606357619999,10555986.0383,2924,212.439,3950560.10145,0,1970-01-01 00:00:01.606357560
147,BTCUSDT,1606357620000,18581.39,18617.22,18555.55,18566.45,604.298,1606357679999,11230069.88179,2974,302.718,5627172.60349,0,1970-01-01 00:00:01.606357620
148,BTCUSDT,1606357680000,18565.8,18575.24,18546.0,18547.0,508.887,1606357739999,9444517.20604,2213,193.231,3586649.75387,0,1970-01-01 00:00:01.606357680
149,BTCUSDT,1606357740000,18546.0,18581.65,18500.0,18565.6,2228.682,1606357799999,41295758.00607,6745,876.490,16246613.97177,0,1970-01-01 00:00:01.606357740
150,BTCUSDT,1606357800000,18565.61,18565.61,18454.3,18466.22,2337.855,1606357859999,43255420.137,6747,552.652,10230423.77033,0,1970-01-01 00:00:01.606357800
151,BTCUSDT,1606357860000,18466.22,18477.82,18427.0,18468.45,1789.039,1606357919999,33015652.64699,6991,953.635,17601984.74508,0,1970-01-01 00:00:01.606357860
152,BTCUSDT,1606357920000,18467.29,18564.93,18466.9,18562.0,1401.326,1606357979999,25952833.89469,4519,1075.039,19910030.30639,0,1970-01-01 00:00:01.606357920
153,BTCUSDT,1606357980000,18562.0,18600.0,18561.32,18597.99,915.837,1606358039999,17013146.10764,3613,445.467,8276181.04117,0,1970-01-01 00:00:01.606357980
154,BTCUSDT,1606358040000,18598.7,18624.92,18560.95,18602.07,863.555,1606358099999,16059857.32887,3050,424.308,7892374.74890,0,1970-01-01 00:00:01.606358040
155,BTCUSDT,1606358100000,18602.07,18609.99,18573.32,18602.12,650.319,1606358159999,12089767.06706,1828,183.902,3418793.32012,0,1970-01-01 00:00:01.606358100
156,BTCUSDT,1606358160000,18602.32,18638.23,18596.97,18634.31,498.260,1606358219999,9275762.25175,1786,271.275,5050396.70597,0,1970-01-01 00:00:01.606358160
157,BTCUSDT,1606358220000,18634.3,18642.42,18611.45,18611.45,732.201,1606358279999,13641456.56898,1717,224.634,4185245.31879,0,1970-01-01 00:00:01.606358220
158,BTCUSDT,1606358280000,18611.45,18619.88,18580.88,18605.22,740.367,1606358339999,13770188.22959,2272,197.203,3667208.09722,0,1970-01-01 00:00:01.606358280
159,BTCUSDT,1606358340000,18604.72,18604.72,18584.5,18589.5,150.065,1606358399999,2790264.94038,856,50.405,937254.96330,0,1970-01-01 00:00:01.606358340
160,BTCUSDT,1606358400000,18589.5,18594.23,18555.0,18584.78,292.002,1606358459999,5422634.25579,1408,105.750,1963853.26620,0,1970-01-01 00:00:01.606358400
161,BTCUSDT,1606358460000,18584.78,18585.5,18555.0,18557.13,318.706,1606358519999,5918608.57695,1203,134.260,2492982.02262,0,1970-01-01 00:00:01.606358460
162,BTCUSDT,1606358520000,18557.13,18578.52,18520.0,18570.76,851.323,1606358579999,15785237.9706,2693,361.473,6702464.15750,0,1970-01-01 00:00:01.606358520
163,BTCUSDT,1606358580000,18571.32,18604.31,18563.12,18600.88,303.927,1606358639999,5647881.9787,1438,220.883,4104895.69916,0,1970-01-01 00:00:01.606358580
164,BTCUSDT,1606358640000,18600.88,18604.69,18524.55,18527.24,496.642,1606358699999,9225080.29874,1700,121.699,2261392.40922,0,1970-01-01 00:00:01.606358640
165,BTCUSDT,1606358700000,18527.24,18529.94,18483.0,18511.16,898.735,1606358759999,16634417.54762,3041,300.454,5560934.54903,0,1970-01-01 00:00:01.606358700
166,BTCUSDT,1606358760000,18511.17,18513.36,18465.0,18469.67,551.559,1606358819999,10196538.55712,2565,193.481,3577388.43264,0,1970-01-01 00:00:01.606358760
167,BTCUSDT,1606358820000,18469.67,18491.83,18450.0,18469.18,679.781,1606358879999,12554249.51033,2789,372.870,6887595.60672,0,1970-01-01 00:00:01.606358820
168,BTCUSDT,1606358880000,18469.19,18493.0,18428.9,18430.23,689.068,1606358939999,12717047.96639,2597,228.512,4220518.80016,0,1970-01-01 00:00:01.606358880
169,BTCUSDT,1606358940000,18430.23,18504.77,18400.0,18435.9,2524.390,1606358999999,46542200.66844,8185,894.805,16501180.57405,0,1970-01-01 00:00:01.606358940
170,BTCUSDT,1606359000000,18435.61,18501.8,18432.0,18490.06,748.163,1606359059999,13822854.54406,2776,462.525,8546722.02275,0,1970-01-01 00:00:01.606359000
171,BTCUSDT,1606359060000,18488.61,18505.0,18465.83,18478.27,505.124,1606359119999,9337329.22275,2096,273.607,5057825.90436,0,1970-01-01 00:00:01.606359060
172,BTCUSDT,1606359120000,18476.47,18476.47,18380.0,18403.99,1049.718,1606359179999,19326779.4706,4052,251.452,4630506.46118,0,1970-01-01 00:00:01.606359120
173,BTCUSDT,1606359180000,18403.42,18457.57,18390.02,18438.46,604.169,1606359239999,11134128.19623,2990,329.490,6071523.76700,0,1970-01-01 00:00:01.606359180
174,BTCUSDT,1606359240000,18439.37,18502.99,18435.55,18462.49,556.276,1606359299999,10277350.89631,2055,312.613,5775923.18387,0,1970-01-01 00:00:01.606359240
175,BTCUSDT,1606359300000,18464.66,18469.9,18420.0,18421.01,346.399,1606359359999,6388638.73904,1504,101.331,1869057.38217,0,1970-01-01 00:00:01.606359300
176,BTCUSDT,1606359360000,18420.0,18422.16,18370.0,18408.98,1195.248,1606359419999,21988882.48912,4480,429.146,7895399.07384,0,1970-01-01 00:00:01.606359360
177,BTCUSDT,1606359420000,18409.45,18415.0,18381.22,18403.94,399.261,1606359479999,7347163.15504,1869,185.463,3412633.00198,0,1970-01-01 00:00:01.606359420
178,BTCUSDT,1606359480000,18405.48,18433.72,18375.39,18424.49,524.855,1606359539999,9662000.97363,1919,321.515,5919874.78924,0,1970-01-01 00:00:01.606359480
179,BTCUSDT,1606359540000,18424.49,18451.81,18394.15,18420.06,466.115,1606359599999,8585000.88838,1919,213.052,3925571.38665,0,1970-01-01 00:00:01.606359540
180,BTCUSDT,1606359600000,18419.01,18419.01,18335.45,18385.77,1680.013,1606359659999,30861805.83224,6535,634.681,11660622.42843,0,1970-01-01 00:00:01.606359600
181,BTCUSDT,1606359660000,18386.01,18389.05,18320.52,18357.52,982.968,1606359719999,18033608.12541,4138,364.051,6680301.19418,0,1970-01-01 00:00:01.606359660
182,BTCUSDT,1606359720000,18357.53,18374.18,18306.84,18318.31,928.319,1606359779999,17016196.6868,3262,299.894,5499563.03277,0,1970-01-01 00:00:01.606359720
183,BTCUSDT,1606359780000,18318.29,18387.82,18300.0,18366.52,1017.587,1606359839999,18663253.00198,3899,498.493,9146915.91153,0,1970-01-01 00:00:01.606359780
184,BTCUSDT,1606359840000,18365.99,18366.5,18289.52,18321.17,1067.538,1606359899999,19547217.99145,4452,462.034,8460214.81493,0,1970-01-01 00:00:01.606359840
185,BTCUSDT,1606359900000,18321.17,18326.19,18261.0,18276.37,1344.017,1606359959999,24574956.73866,5512,412.115,7536606.71292,0,1970-01-01 00:00:01.606359900
186,BTCUSDT,1606359960000,18275.38,18290.0,18194.65,18270.0,3585.298,1606360019999,65364176.0415,10988,1167.912,21302382.40220,0,1970-01-01 00:00:01.606359960
187,BTCUSDT,1606360020000,18269.99,18274.98,18116.0,18131.07,3436.505,1606360079999,62481075.01897,12287,1198.034,21783702.41526,0,1970-01-01 00:00:01.606360020
188,BTCUSDT,1606360080000,18129.01,18259.94,18081.0,18212.61,4207.307,1606360139999,76389572.9211,11959,2016.545,36649317.15154,0,1970-01-01 00:00:01.606360080
189,BTCUSDT,1606360140000,18213.3,18214.64,18118.03,18163.4,1748.238,1606360199999,31735757.4932,7272,801.705,14553327.91741,0,1970-01-01 00:00:01.606360140
190,BTCUSDT,1606360200000,18165.26,18178.42,18118.03,18141.37,1251.763,1606360259999,22706090.97347,4062,533.774,9683987.59672,0,1970-01-01 00:00:01.606360200
191,BTCUSDT,1606360260000,18143.83,18239.81,18106.0,18210.52,1892.710,1606360319999,34411284.09813,6724,1051.305,19123942.77650,0,1970-01-01 00:00:01.606360260
192,BTCUSDT,1606360320000,18210.42,18244.99,18202.9,18237.73,1060.085,1606360379999,19321472.48988,4259,517.591,9435611.69357,0,1970-01-01 00:00:01.606360320
193,BTCUSDT,1606360380000,18238.71,18278.04,18230.13,18275.74,905.040,1606360439999,16522126.35939,3519,548.447,10013189.19525,0,1970-01-01 00:00:01.606360380
194,BTCUSDT,1606360440000,18275.98,18310.0,18262.62,18308.6,838.702,1606360499999,15340689.86853,2908,501.879,9180502.08757,0,1970-01-01 00:00:01.606360440
195,BTCUSDT,1606360500000,18309.93,18310.0,18250.0,18252.63,786.554,1606360559999,14377282.14966,3495,330.985,6050404.33016,0,1970-01-01 00:00:01.606360500
196,BTCUSDT,1606360560000,18252.61,18277.96,18223.87,18277.53,583.130,1606360619999,10642654.99054,2428,274.884,5017682.84398,0,1970-01-01 00:00:01.606360560
197,BTCUSDT,1606360620000,18277.54,18292.0,18254.29,18287.99,467.171,1606360679999,8537916.45604,2092,207.744,3798064.35018,0,1970-01-01 00:00:01.606360620
198,BTCUSDT,1606360680000,18287.99,18287.99,18202.0,18202.0,595.934,1606360739999,10866721.01232,2424,155.667,2839413.01600,0,1970-01-01 00:00:01.606360680
199,BTCUSDT,1606360740000,18204.97,18241.4,18175.27,18206.37,837.347,1606360799999,15245586.9014,3040,394.066,7176128.83960,0,1970-01-01 00:00:01.606360740
200,BTCUSDT,1606360800000,18206.37,18207.99,18165.48,18168.35,602.861,1606360859999,10960387.2613,2631,163.146,2966465.51930,0,1970-01-01 00:00:01.606360800
201,BTCUSDT,1606360860000,18169.19,18211.0,18152.74,18164.25,772.798,1606360919999,14044999.80853,2988,329.016,5981406.86996,0,1970-01-01 00:00:01.606360860
202,BTCUSDT,1606360920000,18165.24,18231.34,18157.5,18226.31,536.506,1606360979999,9762102.10401,2202,313.904,5712986.52803,0,1970-01-01 00:00:01.606360920
203,BTCUSDT,1606360980000,18223.26,18264.43,18218.75,18258.8,526.344,1606361039999,9601951.83298,2132,357.510,6522117.85629,0,1970-01-01 00:00:01.606360980
204,BTCUSDT,1606361040000,18259.28,18262.22,18229.81,18258.12,352.832,1606361099999,6437847.65968,1651,153.496,2800952.14034,0,1970-01-01 00:00:01.606361040
205,BTCUSDT,1606361100000,18259.78,18276.82,18242.0,18262.03,289.079,1606361159999,5278435.5913,1581,146.286,2671350.40922,0,1970-01-01 00:00:01.606361100
206,BTCUSDT,1606361160000,18262.03,18262.26,18198.55,18199.99,548.805,1606361219999,10002416.65057,2107,154.340,2812575.63466,0,1970-01-01 00:00:01.606361160
207,BTCUSDT,1606361220000,18199.99,18211.85,18180.0,18181.35,458.869,1606361279999,8348797.16392,1703,181.944,3310654.33065,0,1970-01-01 00:00:01.606361220
208,BTCUSDT,1606361280000,18181.34,18181.35,18145.7,18154.02,556.249,1606361339999,10100703.51184,2447,125.356,2276204.21637,0,1970-01-01 00:00:01.606361280
209,BTCUSDT,1606361340000,18154.02,18181.5,18122.0,18128.01,789.404,1606361399999,14320962.25298,3316,316.100,5736345.76425,0,1970-01-01 00:00:01.606361340
210,BTCUSDT,1606361400000,18128.01,18129.86,17650.0,17738.61,7725.651,1606361459999,138390006.29887,20684,1713.886,30792143.04211,0,1970-01-01 00:00:01.606361400
211,BTCUSDT,1606361460000,17738.61,17774.61,17360.8,17477.76,10768.716,1606361519999,189499289.79303,36813,4480.028,78926177.98385,0,1970-01-01 00:00:01.606361460
212,BTCUSDT,1606361520000,17477.76,17641.51,17100.0,17429.5,9884.354,1606361579999,171044892.35094,28722,4318.000,74799741.42255,0,1970-01-01 00:00:01.606361520
213,BTCUSDT,1606361580000,17423.82,17720.0,17407.68,17609.8,5787.370,1606361639999,101889493.84914,20543,2943.540,51819651.81863,0,1970-01-01 00:00:01.606361580
214,BTCUSDT,1606361640000,17601.8,17611.08,17320.97,17501.8,4212.106,1606361699999,73423181.06717,17154,2018.821,35155533.29240,0,1970-01-01 00:00:01.606361640
215,BTCUSDT,1606361700000,17501.8,17733.0,17501.8,17605.0,3647.747,1606361759999,64263248.18791,17451,1829.906,32240928.46771,0,1970-01-01 00:00:01.606361700
216,BTCUSDT,1606361760000,17605.0,17673.39,17528.32,17620.77,2498.317,1606361819999,43996468.94492,14405,1086.090,19129794.67059,0,1970-01-01 00:00:01.606361760
217,BTCUSDT,1606361820000,17620.77,17650.0,17537.81,17564.62,1920.949,1606361879999,33794548.57159,11916,877.559,15444034.10482,0,1970-01-01 00:00:01.606361820
218,BTCUSDT,1606361880000,17566.21,17650.0,17550.0,17597.65,2081.028,1606361939999,36619600.08507,12321,979.155,17234367.70026,0,1970-01-01 00:00:01.606361880
219,BTCUSDT,1606361940000,17597.99,17597.99,17414.18,17432.62,1972.476,1606361999999,34517224.92021,9732,608.067,10642399.26821,0,1970-01-01 00:00:01.606361940
220,BTCUSDT,1606362000000,17434.01,17650.0,17432.73,17617.07,3153.026,1606362059999,55441766.97969,14018,1734.128,30493361.62340,0,1970-01-01 00:00:01.606362000
221,BTCUSDT,1606362060000,17617.07,17629.43,17548.78,17622.84,1109.989,1606362119999,19523846.85938,6518,570.249,10032637.70221,0,1970-01-01 00:00:01.606362060
222,BTCUSDT,1606362120000,17622.85,17662.54,17610.0,17615.99,1038.375,1606362179999,18312280.84176,4045,638.334,11259166.94592,0,1970-01-01 00:00:01.606362120
223,BTCUSDT,1606362180000,17615.99,17697.77,17611.56,17670.99,871.292,1606362239999,15382645.05333,3892,569.413,10053973.40800,0,1970-01-01 00:00:01.606362180
224,BTCUSDT,1606362240000,17669.32,17725.0,17669.32,17703.27,1068.373,1606362299999,18915866.31126,5100,605.949,10728481.82817,0,1970-01-01 00:00:01.606362240
225,BTCUSDT,1606362300000,17703.92,17773.0,17703.27,17748.94,1264.194,1606362359999,22435532.30267,6266,876.003,15545874.51292,0,1970-01-01 00:00:01.606362300
226,BTCUSDT,1606362360000,17748.94,17829.6,17745.3,17822.36,1659.156,1606362419999,29518629.33432,6490,1186.909,21116505.32569,0,1970-01-01 00:00:01.606362360
227,BTCUSDT,1606362420000,17822.38,17890.0,17814.74,17890.0,1365.242,1606362479999,24380243.9695,5602,868.892,15514408.88003,0,1970-01-01 00:00:01.606362420
228,BTCUSDT,1606362480000,17890.0,17894.0,17816.42,17850.36,1755.129,1606362539999,31345767.10638,6153,619.544,11067391.86240,0,1970-01-01 00:00:01.606362480
229,BTCUSDT,1606362540000,17849.84,17857.34,17812.0,17828.91,712.984,1606362599999,12716716.04505,3132,266.161,4747405.24038,0,1970-01-01 00:00:01.606362540
230,BTCUSDT,1606362600000,17828.9,17890.0,17820.18,17887.31,831.656,1606362659999,14852884.41379,3407,557.260,9952360.83189,0,1970-01-01 00:00:01.606362600
231,BTCUSDT,1606362660000,17887.31,17985.21,17887.31,17947.12,1801.970,1606362719999,32339876.15825,6815,933.203,16741907.90740,0,1970-01-01 00:00:01.606362660
232,BTCUSDT,1606362720000,17947.11,17978.67,17880.0,17969.0,1222.330,1606362779999,21900725.47407,3885,598.414,10725011.56493,0,1970-01-01 00:00:01.606362720
233,BTCUSDT,1606362780000,17969.0,18017.46,17943.88,17996.39,1527.297,1606362839999,27461890.16333,5732,854.126,15358960.55568,0,1970-01-01 00:00:01.606362780
234,BTCUSDT,1606362840000,17997.48,18032.0,17987.37,17992.4,1379.343,1606362899999,24840773.04151,4523,649.716,11701931.58104,0,1970-01-01 00:00:01.606362840
235,BTCUSDT,1606362900000,17992.33,17993.0,17913.74,17928.56,1689.194,1606362959999,30325793.52296,6163,548.277,9844715.60073,0,1970-01-01 00:00:01.606362900
236,BTCUSDT,1606362960000,17928.35,17940.87,17885.52,17940.86,1227.741,1606363019999,21989677.07932,4180,451.883,8095762.17881,0,1970-01-01 00:00:01.606362960
237,BTCUSDT,1606363020000,17940.87,17941.17,17901.8,17901.8,664.523,1606363079999,11906201.66567,2449,224.407,4021396.04155,0,1970-01-01 00:00:01.606363020
238,BTCUSDT,1606363080000,17902.05,17940.0,17890.49,17937.48,660.872,1606363139999,11836394.81057,2848,399.921,7163674.03249,0,1970-01-01 00:00:01.606363080
239,BTCUSDT,1606363140000,17937.41,17976.99,17929.64,17930.0,430.647,1606363199999,7729633.79417,2472,254.779,4573869.81294,0,1970-01-01 00:00:01.606363140
240,BTCUSDT,1606363200000,17930.0,17930.0,17833.72,17837.57,1198.376,1606363259999,21422875.39579,4784,272.521,4871594.56090,0,1970-01-01 00:00:01.606363200
241,BTCUSDT,1606363260000,17833.72,17843.47,17740.0,17785.41,1864.643,1606363319999,33182261.31267,7207,620.189,11039195.19289,0,1970-01-01 00:00:01.606363260
242,BTCUSDT,1606363320000,17785.41,17849.18,17781.09,17847.46,858.640,1606363379999,15287814.18297,4266,458.810,8171398.63529,0,1970-01-01 00:00:01.606363320
243,BTCUSDT,1606363380000,17849.0,17935.2,17844.4,17926.65,799.747,1606363439999,14301621.1867,3836,546.735,9778566.72278,0,1970-01-01 00:00:01.606363380
244,BTCUSDT,1606363440000,17926.64,17982.6,17915.86,17974.92,769.142,1606363499999,13810201.88447,2851,625.937,11239529.78161,0,1970-01-01 00:00:01.606363440
245,BTCUSDT,1606363500000,17973.88,17975.37,17947.76,17968.12,431.846,1606363559999,7756757.42534,2265,215.393,3869298.29029,0,1970-01-01 00:00:01.606363500
246,BTCUSDT,1606363560000,17968.12,18024.21,17962.5,18017.62,594.695,1606363619999,10701821.26379,2473,476.096,8568793.91285,0,1970-01-01 00:00:01.606363560
247,BTCUSDT,1606363620000,18017.62,18099.0,18010.69,18075.97,1227.640,1606363679999,22177944.76427,5674,858.871,15515950.80688,0,1970-01-01 00:00:01.606363620
248,BTCUSDT,1606363680000,18076.67,18092.1,17995.74,18040.2,1123.827,1606363739999,20275999.50398,3740,343.284,6197538.69970,0,1970-01-01 00:00:01.606363680
249,BTCUSDT,1606363740000,18040.19,18080.0,18004.08,18059.98,638.068,1606363799999,11512130.43554,2970,366.870,6620895.73971,0,1970-01-01 00:00:01.606363740
250,BTCUSDT,1606363800000,18057.94,18060.0,18008.49,18011.98,482.124,1606363859999,8689653.60863,2506,226.710,4086059.07348,0,1970-01-01 00:00:01.606363800
251,BTCUSDT,1606363860000,18011.97,18025.82,18008.49,18020.16,245.656,1606363919999,4425603.12082,1394,127.514,2297297.92087,0,1970-01-01 00:00:01.606363860
252,BTCUSDT,1606363920000,18020.16,18068.06,18017.1,18046.44,383.575,1606363979999,6922080.53085,1939,268.168,4839689.44192,0,1970-01-01 00:00:01.606363920
253,BTCUSDT,1606363980000,18046.4,18065.44,18032.78,18035.62,490.453,1606364039999,8852554.7058,1697,194.737,3515179.05167,0,1970-01-01 00:00:01.606363980
254,BTCUSDT,1606364040000,18035.61,18048.2,17980.0,18015.15,834.375,1606364099999,15029729.56548,2554,216.587,3902405.93263,0,1970-01-01 00:00:01.606364040
255,BTCUSDT,1606364100000,18014.92,18015.31,17970.0,17970.0,443.396,1606364159999,7976699.8928,2155,168.450,3031287.41768,0,1970-01-01 00:00:01.606364100
256,BTCUSDT,1606364160000,17972.2,18000.0,17951.26,17990.0,556.667,1606364219999,10008348.32008,2319,254.433,4575891.62291,0,1970-01-01 00:00:01.606364160
257,BTCUSDT,1606364220000,17988.0,18087.46,17988.0,18081.94,733.121,1606364279999,13233650.8082,3253,561.089,10128614.19134,0,1970-01-01 00:00:01.606364220
258,BTCUSDT,1606364280000,18080.35,18089.18,18000.0,18020.66,901.177,1606364339999,16247248.85024,3379,277.620,5006552.35864,0,1970-01-01 00:00:01.606364280
259,BTCUSDT,1606364340000,18018.25,18025.5,17993.8,18000.54,208.866,1606364399999,3760870.91542,1204,97.339,1752787.71743,0,1970-01-01 00:00:01.606364340
260,BTCUSDT,1606364400000,18002.21,18002.21,17944.82,17944.82,379.898,1606364459999,6828120.41891,2049,140.680,2528690.54969,0,1970-01-01 00:00:01.606364400
261,BTCUSDT,1606364460000,17944.8,17982.33,17912.41,17950.19,621.803,1606364519999,11156816.06504,3085,239.463,4298720.34234,0,1970-01-01 00:00:01.606364460
262,BTCUSDT,1606364520000,17950.19,17983.72,17934.32,17950.0,368.768,1606364579999,6620387.31419,1960,191.723,3442491.10030,0,1970-01-01 00:00:01.606364520
263,BTCUSDT,1606364580000,17949.0,17993.14,17940.01,17950.93,407.208,1606364639999,7317330.33419,2074,247.163,4441492.87001,0,1970-01-01 00:00:01.606364580
264,BTCUSDT,1606364640000,17950.94,17954.58,17902.3,17906.0,486.087,1606364699999,8713548.17008,2341,184.403,3305806.71858,0,1970-01-01 00:00:01.606364640
265,BTCUSDT,1606364700000,17906.0,17931.29,17860.0,17865.6,1390.810,1606364759999,24879133.24683,5459,414.431,7414377.86787,0,1970-01-01 00:00:01.606364700
266,BTCUSDT,1606364760000,17865.83,17921.69,17860.0,17873.2,838.400,1606364819999,14999731.2291,3318,323.605,5789470.98409,0,1970-01-01 00:00:01.606364760
267,BTCUSDT,1606364820000,17874.13,17904.63,17850.0,17899.11,494.621,1606364879999,8839095.64933,2353,254.153,4543434.30054,0,1970-01-01 00:00:01.606364820
268,BTCUSDT,1606364880000,17896.48,17909.0,17861.1,17871.63,482.608,1606364939999,8633732.09182,2075,270.212,4834873.07663,0,1970-01-01 00:00:01.606364880
269,BTCUSDT,1606364940000,17871.63,17888.88,17840.9,17856.34,584.679,1606364999999,10440754.92427,2276,216.025,3858581.36537,0,1970-01-01 00:00:01.606364940
270,BTCUSDT,1606365000000,17856.34,17945.0,17840.0,17941.25,520.707,1606365059999,9322096.65637,2518,386.824,6925701.48008,0,1970-01-01 00:00:01.606365000
271,BTCUSDT,1606365060000,17940.59,17954.5,17923.31,17942.55,336.724,1606365119999,6041019.86747,1829,233.523,4189864.85284,0,1970-01-01 00:00:01.606365060
272,BTCUSDT,1606365120000,17942.55,17951.09,17892.23,17894.17,293.588,1606365179999,5262031.92649,1247,122.179,2190523.97669,0,1970-01-01 00:00:01.606365120
273,BTCUSDT,1606365180000,17896.49,17926.88,17865.79,17895.85,344.504,1606365239999,6165068.88991,1913,168.667,3019028.02620,0,1970-01-01 00:00:01.606365180
274,BTCUSDT,1606365240000,17895.84,17910.0,17872.0,17900.18,360.270,1606365299999,6447931.5075,1619,196.242,3511959.18226,0,1970-01-01 00:00:01.606365240
275,BTCUSDT,1606365300000,17900.0,17900.67,17837.43,17873.48,397.251,1606365359999,7096967.15907,2161,153.526,2743498.32278,0,1970-01-01 00:00:01.606365300
276,BTCUSDT,1606365360000,17873.48,17910.0,17845.0,17863.91,317.789,1606365419999,5679801.84441,1778,182.925,3270180.87462,0,1970-01-01 00:00:01.606365360
277,BTCUSDT,1606365420000,17864.51,17871.36,17831.0,17839.71,311.723,1606365479999,5562841.71353,1715,130.229,2323974.47349,0,1970-01-01 00:00:01.606365420
278,BTCUSDT,1606365480000,17839.38,17888.12,17822.31,17863.13,406.452,1606365539999,7255688.11486,2222,228.493,4079367.17500,0,1970-01-01 00:00:01.606365480
279,BTCUSDT,1606365540000,17867.36,17867.36,17756.0,17760.72,1031.012,1606365599999,18345554.18635,5089,348.098,6195048.40369,0,1970-01-01 00:00:01.606365540
280,BTCUSDT,1606365600000,17760.02,17792.78,17700.0,17735.21,1353.177,1606365659999,24016501.16243,6822,574.517,10199972.46509,0,1970-01-01 00:00:01.606365600
281,BTCUSDT,1606365660000,17735.21,17760.86,17666.0,17723.41,1355.857,1606365719999,24005781.45213,6472,555.961,9846499.66095,0,1970-01-01 00:00:01.606365660
282,BTCUSDT,1606365720000,17723.41,17804.15,17680.45,17690.68,1413.412,1606365779999,25088643.35894,6178,819.165,14545672.39708,0,1970-01-01 00:00:01.606365720
283,BTCUSDT,1606365780000,17690.67,17740.4,17620.96,17673.73,1717.734,1606365839999,30361305.12069,7612,663.652,11733474.51592,0,1970-01-01 00:00:01.606365780
284,BTCUSDT,1606365840000,17673.73,17714.0,17631.34,17659.73,1032.428,1606365899999,18249580.7555,4527,443.866,7848114.03314,0,1970-01-01 00:00:01.606365840
285,BTCUSDT,1606365900000,17658.24,17670.68,17600.0,17658.07,1246.809,1606365959999,21978800.41736,5698,627.763,11071097.26976,0,1970-01-01 00:00:01.606365900
286,BTCUSDT,1606365960000,17658.07,17745.58,17658.07,17733.71,975.862,1606366019999,17273500.83737,4315,603.778,10688114.26325,0,1970-01-01 00:00:01.606365960
287,BTCUSDT,1606366020000,17733.71,17733.71,17696.7,17705.99,523.238,1606366079999,9268174.34868,2802,204.793,3627757.10065,0,1970-01-01 00:00:01.606366020
288,BTCUSDT,1606366080000,17706.01,17724.85,17700.0,17724.85,407.144,1606366139999,7210207.21044,1601,181.196,3209377.88437,0,1970-01-01 00:00:01.606366080
289,BTCUSDT,1606366140000,17724.86,17747.16,17700.0,17744.43,333.951,1606366199999,5918422.24907,2458,191.728,3398614.47759,0,1970-01-01 00:00:01.606366140
290,BTCUSDT,1606366200000,17744.33,17824.09,17743.66,17820.8,742.577,1606366259999,13199761.51815,2685,561.291,9977999.33797,0,1970-01-01 00:00:01.606366200
291,BTCUSDT,1606366260000,17821.94,17824.58,17765.0,17778.15,482.367,1606366319999,8579699.34859,2603,247.634,4404554.04617,0,1970-01-01 00:00:01.606366260
292,BTCUSDT,1606366320000,17778.15,17789.97,17765.0,17784.99,248.813,1606366379999,4423366.15157,1297,134.237,2386468.23375,0,1970-01-01 00:00:01.606366320
293,BTCUSDT,1606366380000,17784.99,17811.91,17769.98,17771.39,260.029,1606366439999,4625850.70994,1177,173.113,3079756.00549,0,1970-01-01 00:00:01.606366380
294,BTCUSDT,1606366440000,17771.39,17793.19,17760.0,17766.45,300.591,1606366499999,5343454.89001,1189,132.850,2361669.23321,0,1970-01-01 00:00:01.606366440
295,BTCUSDT,1606366500000,17766.44,17800.68,17750.33,17790.83,383.725,1606366559999,6819748.19753,1749,177.560,3155619.64910,0,1970-01-01 00:00:01.606366500
296,BTCUSDT,1606366560000,17792.14,17859.54,17792.14,17838.32,500.929,1606366619999,8931530.08825,2268,320.194,5709346.66662,0,1970-01-01 00:00:01.606366560
297,BTCUSDT,1606366620000,17837.95,17840.0,17769.22,17790.69,428.454,1606366679999,7631828.48044,1876,181.905,3240814.08391,0,1970-01-01 00:00:01.606366620
298,BTCUSDT,1606366680000,17790.68,17809.44,17781.08,17787.31,215.105,1606366739999,3827696.52811,1672,105.920,1884933.00413,0,1970-01-01 00:00:01.606366680
299,BTCUSDT,1606366740000,17787.33,17799.01,17749.99,17781.37,287.355,1606366799999,5107609.60627,1418,121.848,2166177.96933,0,1970-01-01 00:00:01.606366740
300,BTCUSDT,1606366800000,17781.36,17781.37,17700.0,17719.07,706.640,1606366859999,12530133.33112,2856,214.108,3798109.65617,0,1970-01-01 00:00:01.606366800
301,BTCUSDT,1606366860000,17719.07,17752.62,17710.74,17739.6,682.881,1606366919999,12109743.77788,2618,433.713,7692310.61332,0,1970-01-01 00:00:01.606366860
302,BTCUSDT,1606366920000,17739.6,17800.59,17726.17,17800.58,657.858,1606366979999,11692314.71014,2660,453.634,8063052.08323,0,1970-01-01 00:00:01.606366920
303,BTCUSDT,1606366980000,17800.59,17853.69,17800.0,17840.39,606.035,1606367039999,10803909.5246,2463,405.614,7231118.38170,0,1970-01-01 00:00:01.606366980
304,BTCUSDT,1606367040000,17841.36,17890.0,17840.01,17844.4,757.448,1606367099999,13530356.66285,3071,399.978,7146444.77655,0,1970-01-01 00:00:01.606367040
305,BTCUSDT,1606367100000,17843.9,17871.14,17819.17,17860.84,275.785,1606367159999,4921576.75739,1523,112.220,2002881.46634,0,1970-01-01 00:00:01.606367100
306,BTCUSDT,1606367160000,17860.85,17888.0,17859.58,17875.52,332.349,1606367219999,5941310.8191,1566,158.940,2841625.93082,0,1970-01-01 00:00:01.606367160
307,BTCUSDT,1606367220000,17877.15,17890.0,17859.22,17883.45,339.112,1606367279999,6062070.29756,1526,151.628,2711069.69341,0,1970-01-01 00:00:01.606367220
308,BTCUSDT,1606367280000,17884.67,17887.55,17860.08,17880.0,248.343,1606367339999,4438646.55406,1173,133.180,2380225.05265,0,1970-01-01 00:00:01.606367280
309,BTCUSDT,1606367340000,17880.0,17890.94,17855.79,17874.0,292.391,1606367399999,5224533.55831,1338,132.222,2362528.60594,0,1970-01-01 00:00:01.606367340
310,BTCUSDT,1606367400000,17874.01,17909.59,17874.01,17899.12,484.863,1606367459999,8677678.62235,1737,320.563,5737185.21145,0,1970-01-01 00:00:01.606367400
311,BTCUSDT,1606367460000,17899.12,17914.5,17885.14,17914.5,288.401,1606367519999,5162705.4152,1183,211.766,3791152.76166,0,1970-01-01 00:00:01.606367460
312,BTCUSDT,1606367520000,17914.49,17935.09,17867.4,17886.89,605.733,1606367579999,10847549.33827,2121,242.909,4350952.52235,0,1970-01-01 00:00:01.606367520
313,BTCUSDT,1606367580000,17886.88,17909.15,17870.0,17870.01,329.201,1606367639999,5887663.29993,1497,182.843,3269790.31405,0,1970-01-01 00:00:01.606367580
314,BTCUSDT,1606367640000,17870.01,17898.3,17860.08,17873.01,273.196,1606367699999,4883613.24002,1347,139.184,2488333.67412,0,1970-01-01 00:00:01.606367640
315,BTCUSDT,1606367700000,17873.0,17883.83,17854.35,17855.36,239.823,1606367759999,4284708.80121,1168,112.043,2001917.92983,0,1970-01-01 00:00:01.606367700
316,BTCUSDT,1606367760000,17855.36,17876.68,17851.7,17867.11,193.322,1606367819999,3453688.37176,1127,99.701,1781189.09975,0,1970-01-01 00:00:01.606367760
317,BTCUSDT,1606367820000,17867.1,17877.0,17830.35,17833.39,286.544,1606367879999,5115303.44042,1320,102.120,1823560.86017,0,1970-01-01 00:00:01.606367820
318,BTCUSDT,1606367880000,17833.92,17856.07,17832.2,17845.76,203.686,1606367939999,3635109.6683,1116,93.094,1661405.49115,0,1970-01-01 00:00:01.606367880
319,BTCUSDT,1606367940000,17843.3,17857.44,17833.71,17851.0,310.323,1606367999999,5538388.65478,1132,89.858,1603722.91852,0,1970-01-01 00:00:01.606367940
320,BTCUSDT,1606368000000,17850.99,17850.99,17815.0,17820.81,402.267,1606368059999,7173784.36059,1212,78.767,1404547.54775,0,1970-01-01 00:00:01.606368000
321,BTCUSDT,1606368060000,17820.8,17821.38,17785.42,17787.13,358.203,1606368119999,6379301.49022,1604,139.021,2476543.51059,0,1970-01-01 00:00:01.606368060
322,BTCUSDT,1606368120000,17787.13,17809.78,17779.0,17800.2,345.006,1606368179999,6139612.90867,1648,184.760,3287809.88744,0,1970-01-01 00:00:01.606368120
323,BTCUSDT,1606368180000,17800.2,17805.89,17774.68,17788.16,300.201,1606368239999,5339173.45731,1482,164.584,2927384.13767,0,1970-01-01 00:00:01.606368180
324,BTCUSDT,1606368240000,17788.16,17825.0,17788.16,17799.99,240.521,1606368299999,4282098.52054,1372,132.085,2351228.52816,0,1970-01-01 00:00:01.606368240
325,BTCUSDT,1606368300000,17800.0,17843.68,17799.99,17822.3,379.277,1606368359999,6761157.96923,1378,236.866,4222300.07741,0,1970-01-01 00:00:01.606368300
326,BTCUSDT,1606368360000,17822.29,17841.35,17811.8,17816.8,152.634,1606368419999,2720638.4544,902,71.428,1273074.33763,0,1970-01-01 00:00:01.606368360
327,BTCUSDT,1606368420000,17816.8,17824.58,17772.48,17775.9,358.246,1606368479999,6376423.64342,1676,150.333,2675619.58363,0,1970-01-01 00:00:01.606368420
328,BTCUSDT,1606368480000,17773.88,17796.4,17736.57,17759.07,591.840,1606368539999,10513295.86798,2278,213.543,3794020.78973,0,1970-01-01 00:00:01.606368480
329,BTCUSDT,1606368540000,17759.07,17773.41,17730.0,17730.0,267.342,1606368599999,4745481.60286,1288,98.315,1745411.36723,0,1970-01-01 00:00:01.606368540
330,BTCUSDT,1606368600000,17730.48,17775.5,17710.87,17763.76,409.009,1606368659999,7260556.43086,1820,176.002,3125357.35584,0,1970-01-01 00:00:01.606368600
331,BTCUSDT,1606368660000,17763.76,17833.63,17758.51,17827.71,442.833,1606368719999,7880253.02085,1775,317.473,5648674.57263,0,1970-01-01 00:00:01.606368660
332,BTCUSDT,1606368720000,17828.29,17835.0,17785.41,17785.41,258.814,1606368779999,4612561.17487,1173,81.567,1453870.27576,0,1970-01-01 00:00:01.606368720
333,BTCUSDT,1606368780000,17785.41,17814.43,17769.6,17774.62,248.326,1606368839999,4417077.10994,1335,91.418,1626261.72451,0,1970-01-01 00:00:01.606368780
334,BTCUSDT,1606368840000,17774.24,17806.46,17748.13,17794.28,278.749,1606368899999,4956054.4222,1434,146.606,2607045.43975,0,1970-01-01 00:00:01.606368840
335,BTCUSDT,1606368900000,17794.28,17794.28,17757.29,17764.89,166.254,1606368959999,2954606.76997,896,55.027,977889.79201,0,1970-01-01 00:00:01.606368900
336,BTCUSDT,1606368960000,17763.63,17819.4,17754.28,17816.59,296.772,1606369019999,5279670.52845,1292,204.789,3643606.76976,0,1970-01-01 00:00:01.606368960
337,BTCUSDT,1606369020000,17815.91,17848.75,17807.76,17836.92,349.376,1606369079999,6229000.24491,1311,167.216,2981145.60207,0,1970-01-01 00:00:01.606369020
338,BTCUSDT,1606369080000,17836.11,17857.4,17836.1,17849.99,224.189,1606369139999,4001554.02974,1051,130.031,2320879.56154,0,1970-01-01 00:00:01.606369080
339,BTCUSDT,1606369140000,17849.99,17853.36,17833.76,17843.33,116.508,1606369199999,2079099.92107,744,31.508,562234.39332,0,1970-01-01 00:00:01.606369140
340,BTCUSDT,1606369200000,17843.33,17872.0,17833.0,17862.73,540.982,1606369259999,9659204.72961,1704,220.374,3934745.80010,0,1970-01-01 00:00:01.606369200
341,BTCUSDT,1606369260000,17862.72,17867.0,17849.1,17852.83,149.962,1606369319999,2677652.9623,820,61.410,1096473.10432,0,1970-01-01 00:00:01.606369260
342,BTCUSDT,1606369320000,17854.01,17855.0,17833.05,17836.63,110.104,1606369379999,1964622.07534,643,47.135,841017.38492,0,1970-01-01 00:00:01.606369320
343,BTCUSDT,1606369380000,17836.63,17872.0,17836.0,17866.88,177.411,1606369439999,3167594.99653,808,96.384,1720739.97157,0,1970-01-01 00:00:01.606369380
344,BTCUSDT,1606369440000,17866.87,17884.14,17857.92,17876.92,150.242,1606369499999,2685248.15738,922,87.671,1567032.12808,0,1970-01-01 00:00:01.606369440
345,BTCUSDT,1606369500000,17877.0,17882.97,17855.0,17865.96,375.707,1606369559999,6714171.66466,1161,60.926,1088860.67407,0,1970-01-01 00:00:01.606369500
346,BTCUSDT,1606369560000,17865.96,17889.57,17857.54,17889.56,153.644,1606369619999,2746251.19819,769,119.954,2144057.92752,0,1970-01-01 00:00:01.606369560
347,BTCUSDT,1606369620000,17889.57,17920.0,17872.57,17919.6,406.972,1606369679999,7285213.17719,1554,313.626,5614499.31058,0,1970-01-01 00:00:01.606369620
348,BTCUSDT,1606369680000,17919.99,17933.11,17905.83,17920.55,347.829,1606369739999,6233262.74392,1573,163.539,2930810.24933,0,1970-01-01 00:00:01.606369680
349,BTCUSDT,1606369740000,17919.91,17939.2,17916.28,17931.05,328.948,1606369799999,5897241.65632,1440,200.788,3599552.82483,0,1970-01-01 00:00:01.606369740
350,BTCUSDT,1606369800000,17931.04,17931.05,17902.88,17914.2,316.088,1606369859999,5663593.80933,1275,132.526,2374811.48843,0,1970-01-01 00:00:01.606369800
351,BTCUSDT,1606369860000,17914.21,17920.0,17899.51,17899.51,209.593,1606369919999,3753394.285,981,97.038,1737877.21242,0,1970-01-01 00:00:01.606369860
352,BTCUSDT,1606369920000,17899.51,17905.8,17865.79,17893.66,385.099,1606369979999,6887247.10944,1473,158.562,2835428.88682,0,1970-01-01 00:00:01.606369920
353,BTCUSDT,1606369980000,17893.65,17895.48,17874.17,17883.85,136.797,1606370039999,2447110.52954,732,79.028,1413722.80136,0,1970-01-01 00:00:01.606369980
354,BTCUSDT,1606370040000,17883.85,17883.85,17858.78,17867.39,184.274,1606370099999,3292347.10154,849,74.396,1329140.97606,0,1970-01-01 00:00:01.606370040
355,BTCUSDT,1606370100000,17867.39,17867.39,17835.15,17862.28,233.309,1606370159999,4164977.19033,1081,83.751,1494771.40060,0,1970-01-01 00:00:01.606370100
356,BTCUSDT,1606370160000,17862.28,17895.8,17859.86,17895.79,163.998,1606370219999,2932225.85425,688,102.709,1836247.59842,0,1970-01-01 00:00:01.606370160
357,BTCUSDT,1606370220000,17895.79,17920.0,17888.39,17913.33,174.138,1606370279999,3118397.8137,839,96.163,1722160.45520,0,1970-01-01 00:00:01.606370220
358,BTCUSDT,1606370280000,17913.41,17934.34,17910.14,17924.38,212.812,1606370339999,3813875.71083,919,135.844,2434562.61865,0,1970-01-01 00:00:01.606370280
359,BTCUSDT,1606370340000,17925.24,17943.2,17922.45,17942.97,216.886,1606370399999,3889686.85806,964,146.764,2632186.31387,0,1970-01-01 00:00:01.606370340
360,BTCUSDT,1606370400000,17942.96,17942.97,17907.4,17912.91,266.880,1606370459999,4782372.73518,1232,96.614,1731185.47935,0,1970-01-01 00:00:01.606370400
361,BTCUSDT,1606370460000,17912.9,17912.91,17881.81,17883.23,191.815,1606370519999,3432334.91439,849,88.408,1582038.78785,0,1970-01-01 00:00:01.606370460
362,BTCUSDT,1606370520000,17883.22,17883.77,17855.43,17862.18,315.165,1606370579999,5630952.54523,1029,158.460,2830625.95943,0,1970-01-01 00:00:01.606370520
363,BTCUSDT,1606370580000,17863.44,17872.14,17833.05,17852.59,320.447,1606370639999,5719799.47572,1158,141.127,2519030.94146,0,1970-01-01 00:00:01.606370580
364,BTCUSDT,1606370640000,17852.59,17900.0,17852.59,17888.28,242.251,1606370699999,4331455.30406,1059,176.456,3154996.40186,0,1970-01-01 00:00:01.606370640
365,BTCUSDT,1606370700000,17888.28,17888.28,17875.01,17876.32,112.689,1606370759999,2014961.61772,628,56.862,1016680.05026,0,1970-01-01 00:00:01.606370700
366,BTCUSDT,1606370760000,17876.32,17876.32,17841.55,17858.27,164.885,1606370819999,2943934.96968,859,77.746,1387997.03206,0,1970-01-01 00:00:01.606370760
367,BTCUSDT,1606370820000,17858.26,17879.3,17852.45,17877.93,106.344,1606370879999,1899778.10003,606,71.256,1272884.05742,0,1970-01-01 00:00:01.606370820
368,BTCUSDT,1606370880000,17877.93,17900.0,17875.75,17887.27,185.341,1606370939999,3315392.07904,740,99.261,1775448.28162,0,1970-01-01 00:00:01.606370880
369,BTCUSDT,1606370940000,17886.16,17888.49,17855.43,17862.39,130.120,1606370999999,2325241.06845,696,52.504,938200.49433,0,1970-01-01 00:00:01.606370940
370,BTCUSDT,1606371000000,17862.39,17878.06,17840.0,17876.43,175.074,1606371059999,3126559.3881,858,84.215,1504289.81183,0,1970-01-01 00:00:01.606371000
371,BTCUSDT,1606371060000,17876.44,17927.8,17876.44,17925.85,257.009,1606371119999,4601958.05967,974,177.311,3175029.62211,0,1970-01-01 00:00:01.606371060
372,BTCUSDT,1606371120000,17925.86,17932.06,17910.09,17930.37,244.493,1606371179999,4382418.73934,1031,125.769,2254369.88581,0,1970-01-01 00:00:01.606371120
373,BTCUSDT,1606371180000,17930.37,17936.61,17912.99,17934.92,292.122,1606371239999,5236821.83385,1069,171.558,3075564.96715,0,1970-01-01 00:00:01.606371180
374,BTCUSDT,1606371240000,17934.92,17969.0,17934.92,17967.95,321.670,1606371299999,5773430.06457,1285,249.025,4469938.96520,0,1970-01-01 00:00:01.606371240
375,BTCUSDT,1606371300000,17967.95,17979.66,17937.6,17945.64,466.185,1606371359999,8374219.86847,1819,271.244,4873085.22617,0,1970-01-01 00:00:01.606371300
376,BTCUSDT,1606371360000,17945.63,17970.0,17940.57,17964.11,255.758,1606371419999,4592832.54,1072,139.251,2500573.88876,0,1970-01-01 00:00:01.606371360
377,BTCUSDT,1606371420000,17964.12,17986.89,17948.01,17986.27,283.094,1606371479999,5086535.09554,1229,173.357,3114944.83043,0,1970-01-01 00:00:01.606371420
378,BTCUSDT,1606371480000,17986.13,17991.99,17978.35,17989.86,287.522,1606371539999,5171426.34317,1179,134.307,2415688.26853,0,1970-01-01 00:00:01.606371480
379,BTCUSDT,1606371540000,17989.9,17996.0,17981.15,17981.15,292.128,1606371599999,5255666.26984,1053,146.679,2639029.75904,0,1970-01-01 00:00:01.606371540
380,BTCUSDT,1606371600000,17981.07,17996.0,17979.0,17995.71,339.885,1606371659999,6115068.13913,912,284.065,5110993.64086,0,1970-01-01 00:00:01.606371600
381,BTCUSDT,1606371660000,17995.46,17996.0,17982.48,17982.49,177.856,1606371719999,3199728.9807,875,101.284,1822164.02622,0,1970-01-01 00:00:01.606371660
382,BTCUSDT,1606371720000,17982.48,17992.84,17973.43,17983.76,174.242,1606371779999,3133398.56273,761,112.328,2020044.85656,0,1970-01-01 00:00:01.606371720
383,BTCUSDT,1606371780000,17983.77,17983.77,17962.43,17967.35,295.711,1606371839999,5314828.65052,1106,107.218,1926826.43589,0,1970-01-01 00:00:01.606371780
384,BTCUSDT,1606371840000,17967.35,17994.84,17967.35,17992.5,155.809,1606371899999,2802448.93512,792,87.684,1576988.70562,0,1970-01-01 00:00:01.606371840
385,BTCUSDT,1606371900000,17992.49,18029.71,17990.0,18020.0,1171.643,1606371959999,21093741.37096,2471,1057.586,19040010.00354,0,1970-01-01 00:00:01.606371900
386,BTCUSDT,1606371960000,18017.97,18019.98,18000.0,18001.17,204.461,1606372019999,3682078.60095,947,91.078,1640271.84915,0,1970-01-01 00:00:01.606371960
387,BTCUSDT,1606372020000,18000.34,18005.97,17990.0,17994.15,307.021,1606372079999,5525688.73906,967,193.493,3482356.56751,0,1970-01-01 00:00:01.606372020
388,BTCUSDT,1606372080000,17994.14,17994.14,17964.99,17986.83,322.457,1606372139999,5797472.82733,1188,172.271,3097014.15304,0,1970-01-01 00:00:01.606372080
389,BTCUSDT,1606372140000,17986.01,18017.09,17967.55,17990.01,345.267,1606372199999,6213864.42749,1114,261.856,4712498.94124,0,1970-01-01 00:00:01.606372140
390,BTCUSDT,1606372200000,17990.01,17990.01,17970.79,17979.96,154.959,1606372259999,2786027.34018,776,81.999,1474227.41410,0,1970-01-01 00:00:01.606372200
391,BTCUSDT,1606372260000,17977.68,17979.12,17930.0,17947.12,508.314,1606372319999,9126796.94492,1601,122.459,2198436.39551,0,1970-01-01 00:00:01.606372260
392,BTCUSDT,1606372320000,17947.12,17960.97,17924.01,17925.02,455.972,1606372379999,8183171.13507,1528,247.382,4440048.84803,0,1970-01-01 00:00:01.606372320
393,BTCUSDT,1606372380000,17925.02,17944.38,17920.01,17928.0,337.100,1606372439999,6044589.50774,1275,200.150,3589117.34616,0,1970-01-01 00:00:01.606372380
394,BTCUSDT,1606372440000,17927.99,17954.0,17921.0,17938.64,168.882,1606372499999,3029942.09108,846,113.551,2037277.23777,0,1970-01-01 00:00:01.606372440
395,BTCUSDT,1606372500000,17938.63,17950.0,17925.67,17930.72,122.787,1606372559999,2202857.10376,676,68.887,1235927.91636,0,1970-01-01 00:00:01.606372500
396,BTCUSDT,1606372560000,17930.71,17936.88,17918.36,17920.25,251.533,1606372619999,4509811.0763,877,128.586,2305590.19850,0,1970-01-01 00:00:01.606372560
397,BTCUSDT,1606372620000,17920.25,17983.89,17915.23,17957.57,310.736,1606372679999,5578906.52664,1369,230.963,4146970.31826,0,1970-01-01 00:00:01.606372620
398,BTCUSDT,1606372680000,17957.58,17962.13,17933.14,17933.14,150.349,1606372739999,2698664.73623,913,85.522,1535017.85527,0,1970-01-01 00:00:01.606372680
399,BTCUSDT,1606372740000,17933.13,17949.99,17928.27,17939.74,212.172,1606372799999,3806583.11992,954,126.047,2261358.92317,0,1970-01-01 00:00:01.606372740
400,BTCUSDT,1606372800000,17939.73,17965.37,17936.9,17960.83,121.784,1606372859999,2186798.30043,868,86.796,1558473.55588,0,1970-01-01 00:00:01.606372800
401,BTCUSDT,1606372860000,17960.82,17965.87,17940.0,17942.1,145.050,1606372919999,2604075.99604,733,86.649,1555594.80777,0,1970-01-01 00:00:01.606372860
402,BTCUSDT,1606372920000,17942.1,17957.38,17942.1,17949.83,103.319,1606372979999,1854522.11127,681,83.200,1493382.78597,0,1970-01-01 00:00:01.606372920
403,BTCUSDT,1606372980000,17952.04,17971.59,17948.5,17970.59,96.577,1606373039999,1734629.07934,604,58.149,1044400.75163,0,1970-01-01 00:00:01.606372980
404,BTCUSDT,1606373040000,17970.6,17986.06,17960.0,17972.43,155.880,1606373099999,2801784.0641,635,108.535,1950688.48581,0,1970-01-01 00:00:01.606373040
405,BTCUSDT,1606373100000,17972.42,17989.97,17972.42,17979.78,118.778,1606373159999,2136180.09426,851,60.215,1082915.70665,0,1970-01-01 00:00:01.606373100
406,BTCUSDT,1606373160000,17979.79,17999.4,17975.0,17993.44,152.033,1606373219999,2734957.51351,707,88.311,1588651.36027,0,1970-01-01 00:00:01.606373160
407,BTCUSDT,1606373220000,17993.43,17995.0,17922.77,17941.3,433.148,1606373279999,7777294.75108,1343,88.343,1586742.31778,0,1970-01-01 00:00:01.606373220
408,BTCUSDT,1606373280000,17941.68,17957.64,17911.01,17911.8,349.970,1606373339999,6275367.16186,1239,149.554,2681849.31451,0,1970-01-01 00:00:01.606373280
409,BTCUSDT,1606373340000,17911.79,17932.13,17898.51,17899.22,365.902,1606373399999,6554214.47712,1241,162.249,2906661.72420,0,1970-01-01 00:00:01.606373340
410,BTCUSDT,1606373400000,17898.51,17920.0,17889.1,17903.0,275.248,1606373459999,4927774.31939,1283,141.495,2533658.16255,0,1970-01-01 00:00:01.606373400
411,BTCUSDT,1606373460000,17903.0,17915.5,17888.88,17896.72,213.019,1606373519999,3813623.43522,1001,137.373,2459477.30321,0,1970-01-01 00:00:01.606373460
412,BTCUSDT,1606373520000,17896.73,17905.63,17880.0,17894.8,161.755,1606373579999,2894366.27617,928,66.855,1196343.62357,0,1970-01-01 00:00:01.606373520
413,BTCUSDT,1606373580000,17894.76,17910.0,17886.24,17895.76,125.330,1606373639999,2242920.32658,699,58.981,1055548.29602,0,1970-01-01 00:00:01.606373580
414,BTCUSDT,1606373640000,17895.76,17914.08,17890.0,17906.95,118.994,1606373699999,2130607.25967,650,74.205,1328663.14754,0,1970-01-01 00:00:01.606373640
415,BTCUSDT,1606373700000,17906.91,17915.0,17883.21,17910.1,194.256,1606373759999,3476421.9522,950,104.753,1874710.51126,0,1970-01-01 00:00:01.606373700
416,BTCUSDT,1606373760000,17910.11,17947.3,17905.13,17947.3,225.433,1606373819999,4041987.70769,1025,173.423,3109328.76055,0,1970-01-01 00:00:01.606373760
417,BTCUSDT,1606373820000,17947.29,17967.1,17940.81,17958.13,205.007,1606373879999,3681415.44194,829,115.902,2081236.20331,0,1970-01-01 00:00:01.606373820
418,BTCUSDT,1606373880000,17958.13,17963.04,17951.0,17956.84,117.085,1606373939999,2102505.25299,594,62.128,1115610.15780,0,1970-01-01 00:00:01.606373880
419,BTCUSDT,1606373940000,17956.83,17975.65,17953.0,17970.53,119.335,1606373999999,2143730.41472,550,63.067,1132903.38689,0,1970-01-01 00:00:01.606373940
420,BTCUSDT,1606374000000,17970.54,17970.54,17941.81,17952.07,136.824,1606374059999,2456429.57913,652,42.929,770776.81780,0,1970-01-01 00:00:01.606374000
421,BTCUSDT,1606374060000,17952.06,17957.52,17940.81,17947.65,120.857,1606374119999,2168968.81752,592,59.537,1068506.65278,0,1970-01-01 00:00:01.606374060
422,BTCUSDT,1606374120000,17947.64,17947.65,17914.0,17914.01,251.777,1606374179999,4513966.363,1068,66.432,1190905.04336,0,1970-01-01 00:00:01.606374120
423,BTCUSDT,1606374180000,17914.01,17930.01,17891.41,17897.27,174.458,1606374239999,3123567.51067,883,87.369,1564526.53518,0,1970-01-01 00:00:01.606374180
424,BTCUSDT,1606374240000,17897.27,17908.96,17879.61,17880.2,197.106,1606374299999,3526602.76535,913,114.531,2049306.79720,0,1970-01-01 00:00:01.606374240
425,BTCUSDT,1606374300000,17880.01,17894.11,17866.5,17870.0,259.250,1606374359999,4634829.86349,1150,132.467,2368342.27099,0,1970-01-01 00:00:01.606374300
426,BTCUSDT,1606374360000,17870.01,17888.64,17866.5,17875.85,264.750,1606374419999,4733097.18733,1058,133.794,2392229.83136,0,1970-01-01 00:00:01.606374360
427,BTCUSDT,1606374420000,17875.84,17893.05,17870.96,17881.61,165.715,1606374479999,2962855.19439,927,96.255,1721035.71004,0,1970-01-01 00:00:01.606374420
428,BTCUSDT,1606374480000,17881.61,17898.99,17861.47,17898.99,147.260,1606374539999,2632751.92668,745,92.859,1660286.81111,0,1970-01-01 00:00:01.606374480
429,BTCUSDT,1606374540000,17899.0,17912.56,17879.27,17894.37,155.532,1606374599999,2783307.30791,909,91.293,1633676.25218,0,1970-01-01 00:00:01.606374540
430,BTCUSDT,1606374600000,17894.97,17894.97,17867.0,17868.14,122.247,1606374659999,2185902.08846,659,61.283,1095831.74247,0,1970-01-01 00:00:01.606374600
431,BTCUSDT,1606374660000,17868.09,17891.0,17864.79,17866.93,157.118,1606374719999,2808714.14317,857,93.678,1674583.19939,0,1970-01-01 00:00:01.606374660
432,BTCUSDT,1606374720000,17866.93,17878.61,17840.0,17851.38,318.998,1606374779999,5694899.64849,1302,105.556,1884701.61532,0,1970-01-01 00:00:01.606374720
433,BTCUSDT,1606374780000,17851.4,17857.43,17830.48,17848.54,237.325,1606374839999,4234366.09458,921,110.775,1976543.68544,0,1970-01-01 00:00:01.606374780
434,BTCUSDT,1606374840000,17849.35,17850.0,17812.3,17834.16,375.481,1606374899999,6695824.17785,1684,135.532,2416953.32757,0,1970-01-01 00:00:01.606374840
435,BTCUSDT,1606374900000,17834.15,17857.76,17804.0,17857.76,344.289,1606374959999,6138259.02034,1623,184.969,3298363.82163,0,1970-01-01 00:00:01.606374900
436,BTCUSDT,1606374960000,17855.74,17862.9,17817.44,17857.25,252.343,1606375019999,4503549.65844,1316,154.217,2752084.18316,0,1970-01-01 00:00:01.606374960
437,BTCUSDT,1606375020000,17857.83,17878.08,17850.0,17863.28,193.209,1606375079999,3451912.76456,976,127.577,2279244.08932,0,1970-01-01 00:00:01.606375020
438,BTCUSDT,1606375080000,17863.29,17878.0,17858.94,17859.98,92.638,1606375139999,1655162.19982,710,54.276,969781.06669,0,1970-01-01 00:00:01.606375080
439,BTCUSDT,1606375140000,17859.98,17875.0,17851.0,17870.03,187.647,1606375199999,3352563.5495,776,145.393,2597708.12020,0,1970-01-01 00:00:01.606375140
440,BTCUSDT,1606375200000,17871.49,17877.43,17851.0,17851.36,109.681,1606375259999,1959079.96285,700,50.251,897572.60438,0,1970-01-01 00:00:01.606375200
441,BTCUSDT,1606375260000,17851.35,17870.9,17836.04,17851.15,136.737,1606375319999,2440982.48618,699,59.968,1070501.22277,0,1970-01-01 00:00:01.606375260
442,BTCUSDT,1606375320000,17851.14,17867.5,17835.47,17859.24,166.364,1606375379999,2969725.61684,760,108.538,1937438.35503,0,1970-01-01 00:00:01.606375320
443,BTCUSDT,1606375380000,17859.24,17865.34,17851.38,17859.06,100.940,1606375439999,1802705.43951,497,41.702,744770.94449,0,1970-01-01 00:00:01.606375380
444,BTCUSDT,1606375440000,17857.53,17879.56,17856.24,17871.98,136.597,1606375499999,2441107.69085,718,59.344,1060487.80130,0,1970-01-01 00:00:01.606375440
445,BTCUSDT,1606375500000,17871.98,17881.73,17861.8,17862.01,119.558,1606375559999,2137403.18573,658,64.460,1152379.10179,0,1970-01-01 00:00:01.606375500
446,BTCUSDT,1606375560000,17862.01,17862.01,17830.0,17832.88,189.272,1606375619999,3376794.43993,933,118.529,2114629.69888,0,1970-01-01 00:00:01.606375560
447,BTCUSDT,1606375620000,17836.21,17836.86,17810.0,17829.08,177.104,1606375679999,3156409.91001,853,76.753,1367925.98342,0,1970-01-01 00:00:01.606375620
448,BTCUSDT,1606375680000,17829.07,17829.08,17812.0,17812.04,89.006,1606375739999,1586028.27023,632,40.031,713295.13315,0,1970-01-01 00:00:01.606375680
449,BTCUSDT,1606375740000,17812.04,17813.62,17737.11,17769.84,1313.559,1606375799999,23344696.51127,4896,382.882,6804027.60695,0,1970-01-01 00:00:01.606375740
450,BTCUSDT,1606375800000,17769.85,17818.77,17766.67,17799.86,382.353,1606375859999,6806041.79375,1700,245.863,4376164.24126,0,1970-01-01 00:00:01.606375800
451,BTCUSDT,1606375860000,17799.87,17807.01,17767.85,17775.94,273.924,1606375919999,4873135.34981,1060,99.311,1766797.98336,0,1970-01-01 00:00:01.606375860
452,BTCUSDT,1606375920000,17775.94,17786.33,17765.0,17765.0,207.528,1606375979999,3688034.97721,1282,80.328,1427734.33485,0,1970-01-01 00:00:01.606375920
453,BTCUSDT,1606375980000,17765.0,17768.72,17730.07,17743.6,563.177,1606376039999,9997514.89319,2272,242.309,4301956.21685,0,1970-01-01 00:00:01.606375980
454,BTCUSDT,1606376040000,17743.59,17766.3,17740.0,17765.5,285.403,1606376099999,5067241.15964,1501,174.468,3097673.04734,0,1970-01-01 00:00:01.606376040
455,BTCUSDT,1606376100000,17765.5,17765.5,17722.0,17741.0,226.719,1606376159999,4022149.33058,1381,91.455,1622413.05233,0,1970-01-01 00:00:01.606376100
456,BTCUSDT,1606376160000,17739.88,17749.76,17722.0,17733.82,329.554,1606376219999,5844707.88177,1591,199.119,3531403.47545,0,1970-01-01 00:00:01.606376160
457,BTCUSDT,1606376220000,17733.82,17739.0,17673.0,17695.1,1017.974,1606376279999,18017383.60138,3994,275.952,4884876.57348,0,1970-01-01 00:00:01.606376220
458,BTCUSDT,1606376280000,17695.09,17718.64,17686.24,17694.7,438.808,1606376339999,7768756.75084,2011,220.267,3899627.02103,0,1970-01-01 00:00:01.606376280
459,BTCUSDT,1606376340000,17693.0,17699.41,17656.19,17662.38,431.330,1606376399999,7622452.30077,2498,183.406,3241534.51747,0,1970-01-01 00:00:01.606376340
460,BTCUSDT,1606376400000,17662.58,17677.4,17650.0,17658.01,692.196,1606376459999,12224650.54661,2370,269.273,4756267.61330,0,1970-01-01 00:00:01.606376400
461,BTCUSDT,1606376460000,17658.02,17658.13,17626.9,17626.91,657.409,1606376519999,11598739.44839,2476,189.114,3336413.62535,0,1970-01-01 00:00:01.606376460
462,BTCUSDT,1606376520000,17626.9,17626.91,17527.78,17547.37,2217.952,1606376579999,38979223.45649,7986,703.471,12358279.03239,0,1970-01-01 00:00:01.606376520
463,BTCUSDT,1606376580000,17547.71,17666.91,17539.32,17648.77,1595.907,1606376639999,28093403.42167,5937,1156.173,20354252.99462,0,1970-01-01 00:00:01.606376580
464,BTCUSDT,1606376640000,17646.33,17693.78,17629.41,17662.83,888.343,1606376699999,15697374.20246,3753,515.419,9108579.55273,0,1970-01-01 00:00:01.606376640
465,BTCUSDT,1606376700000,17662.83,17749.0,17662.83,17747.01,915.933,1606376759999,16221528.51055,3534,646.689,11452996.65651,0,1970-01-01 00:00:01.606376700
466,BTCUSDT,1606376760000,17743.1,17758.22,17691.89,17711.36,735.735,1606376819999,13038127.21033,3046,331.674,5878558.93210,0,1970-01-01 00:00:01.606376760
467,BTCUSDT,1606376820000,17711.36,17759.44,17711.36,17753.86,430.492,1606376879999,7636251.86657,1996,243.128,4312555.99694,0,1970-01-01 00:00:01.606376820
468,BTCUSDT,1606376880000,17753.86,17754.85,17715.84,17720.95,273.794,1606376939999,4854940.47536,1514,109.648,1944511.22826,0,1970-01-01 00:00:01.606376880
469,BTCUSDT,1606376940000,17720.94,17731.51,17690.0,17702.57,373.877,1606376999999,6621314.09019,1633,127.757,2262200.82249,0,1970-01-01 00:00:01.606376940
470,BTCUSDT,1606377000000,17702.57,17704.69,17623.21,17666.09,760.130,1606377059999,13426158.58683,3566,232.185,4101206.38978,0,1970-01-01 00:00:01.606377000
471,BTCUSDT,1606377060000,17665.77,17681.7,17643.94,17664.04,377.692,1606377119999,6672514.85813,1877,196.018,3463240.61143,0,1970-01-01 00:00:01.606377060
472,BTCUSDT,1606377120000,17664.03,17665.59,17581.27,17585.36,732.729,1606377179999,12903655.56379,2832,191.702,3376554.71842,0,1970-01-01 00:00:01.606377120
473,BTCUSDT,1606377180000,17585.37,17605.0,17570.46,17596.59,699.417,1606377239999,12298961.58239,3020,398.012,6999058.05569,0,1970-01-01 00:00:01.606377180
474,BTCUSDT,1606377240000,17596.57,17650.0,17536.24,17566.29,786.597,1606377299999,13845193.78363,3732,372.636,6563767.34514,0,1970-01-01 00:00:01.606377240
475,BTCUSDT,1606377300000,17569.29,17585.14,17516.0,17516.0,1167.476,1606377359999,20473916.53276,4947,347.108,6089626.20671,0,1970-01-01 00:00:01.606377300
476,BTCUSDT,1606377360000,17516.0,17581.28,17516.0,17516.01,826.254,1606377419999,14493182.64962,4287,359.943,6315384.16045,0,1970-01-01 00:00:01.606377360
477,BTCUSDT,1606377420000,17516.0,17603.42,17516.0,17595.7,670.740,1606377479999,11773692.14561,2953,400.097,7024390.93538,0,1970-01-01 00:00:01.606377420
478,BTCUSDT,1606377480000,17592.56,17626.17,17551.69,17592.21,713.818,1606377539999,12557343.26701,3316,354.191,6231427.05837,0,1970-01-01 00:00:01.606377480
479,BTCUSDT,1606377540000,17592.22,17719.4,17592.22,17646.21,1057.547,1606377599999,18672585.62021,4857,607.337,10723588.52634,0,1970-01-01 00:00:01.606377540
480,BTCUSDT,1606377600000,17646.2,17646.21,17590.92,17602.76,719.407,1606377659999,12678527.23036,3977,267.290,4711129.16648,0,1970-01-01 00:00:01.606377600
481,BTCUSDT,1606377660000,17605.2,17618.1,17548.44,17597.22,712.402,1606377719999,12525531.96503,3758,274.960,4834949.89078,0,1970-01-01 00:00:01.606377660
482,BTCUSDT,1606377720000,17597.22,17597.22,17541.0,17556.73,459.674,1606377779999,8071932.25735,2253,179.624,3154476.52538,0,1970-01-01 00:00:01.606377720
483,BTCUSDT,1606377780000,17555.46,17558.49,17508.0,17508.0,862.641,1606377839999,15116279.33077,3156,250.706,4394969.82535,0,1970-01-01 00:00:01.606377780
484,BTCUSDT,1606377840000,17508.0,17566.41,17460.0,17497.41,2106.597,1606377899999,36874657.75019,6268,610.926,10698921.43486,0,1970-01-01 00:00:01.606377840
485,BTCUSDT,1606377900000,17496.2,17501.23,17364.68,17424.12,2038.417,1606377959999,35530906.72299,9310,636.561,11098646.24221,0,1970-01-01 00:00:01.606377900
486,BTCUSDT,1606377960000,17420.75,17422.27,17316.12,17404.8,2259.947,1606378019999,39261619.98758,10233,1064.668,18503319.67765,0,1970-01-01 00:00:01.606377960
487,BTCUSDT,1606378020000,17405.4,17460.46,17370.73,17401.73,1655.903,1606378079999,28845214.37791,7719,931.718,16232384.09686,0,1970-01-01 00:00:01.606378020
488,BTCUSDT,1606378080000,17397.21,17459.5,17376.22,17390.0,1097.004,1606378139999,19098284.29348,4999,529.825,9223515.21022,0,1970-01-01 00:00:01.606378080
489,BTCUSDT,1606378140000,17393.15,17431.79,17386.33,17426.99,1045.006,1606378199999,18193200.19335,4297,504.304,8780334.57188,0,1970-01-01 00:00:01.606378140
490,BTCUSDT,1606378200000,17426.99,17434.0,17335.0,17353.5,871.502,1606378259999,15145339.66646,4422,279.287,4855283.27905,0,1970-01-01 00:00:01.606378200
491,BTCUSDT,1606378260000,17353.51,17388.14,17276.0,17282.15,1080.863,1606378319999,18733566.43502,4717,275.690,4782322.73763,0,1970-01-01 00:00:01.606378260
492,BTCUSDT,1606378320000,17284.14,17403.7,17255.0,17379.02,2018.434,1606378379999,34995020.84019,8727,1131.596,19625919.73003,0,1970-01-01 00:00:01.606378320
493,BTCUSDT,1606378380000,17379.01,17416.0,17350.0,17408.49,950.724,1606378439999,16529021.82689,3560,616.612,10719551.55737,0,1970-01-01 00:00:01.606378380
494,BTCUSDT,1606378440000,17408.47,17438.0,17405.63,17438.0,556.696,1606378499999,9697513.41448,3367,340.227,5927086.44449,0,1970-01-01 00:00:01.606378440
495,BTCUSDT,1606378500000,17436.59,17440.75,17333.27,17420.17,978.860,1606378559999,17031469.0945,5357,442.873,7706656.11813,0,1970-01-01 00:00:01.606378500
496,BTCUSDT,1606378560000,17420.17,17495.0,17415.57,17493.09,774.241,1606378619999,13515652.53187,3481,568.323,9922972.95476,0,1970-01-01 00:00:01.606378560
497,BTCUSDT,1606378620000,17493.16,17533.0,17460.95,17468.05,1079.410,1606378679999,18890701.10982,4903,629.178,11014706.93585,0,1970-01-01 00:00:01.606378620
498,BTCUSDT,1606378680000,17467.22,17538.0,17456.86,17523.2,744.184,1606378739999,13033359.00524,4009,436.384,7642035.87201,0,1970-01-01 00:00:01.606378680
499,BTCUSDT,1606378740000,17523.19,17549.59,17510.69,17530.0,449.407,1606378799999,7879242.93506,2514,236.496,4146624.72583,0,1970-01-01 00:00:01.606378740
500,BTCUSDT,1606378800000,17531.07,17533.52,17496.37,17506.41,481.368,1606378859999,8429920.16124,2313,186.305,3262989.20764,0,1970-01-01 00:00:01.606378800
501,BTCUSDT,1606378860000,17506.42,17510.3,17454.0,17478.99,483.283,1606378919999,8450374.16468,2201,130.910,2288773.53676,0,1970-01-01 00:00:01.606378860
502,BTCUSDT,1606378920000,17479.0,17486.71,17427.4,17427.4,459.828,1606378979999,8027147.79253,2188,148.049,2584773.36361,0,1970-01-01 00:00:01.606378920
503,BTCUSDT,1606378980000,17430.0,17437.35,17345.29,17354.77,1700.146,1606379039999,29569022.22575,5964,541.874,9428734.32354,0,1970-01-01 00:00:01.606378980
504,BTCUSDT,1606379040000,17354.78,17388.16,17312.0,17312.0,1220.796,1606379099999,21165659.67083,4690,429.926,7457453.48120,0,1970-01-01 00:00:01.606379040
505,BTCUSDT,1606379100000,17312.01,17313.39,17140.0,17203.18,3713.705,1606379159999,63979170.14462,11677,925.531,15943097.94567,0,1970-01-01 00:00:01.606379100
506,BTCUSDT,1606379160000,17201.08,17354.53,17168.51,17300.0,2409.756,1606379219999,41597748.72902,9631,1423.735,24585045.58440,0,1970-01-01 00:00:01.606379160
507,BTCUSDT,1606379220000,17300.0,17300.52,17164.96,17180.5,1918.572,1606379279999,33057259.3745,8014,633.915,10917933.04889,0,1970-01-01 00:00:01.606379220
508,BTCUSDT,1606379280000,17180.5,17208.41,16860.0,17021.46,7576.773,1606379339999,128972757.42276,21751,2556.903,43538839.84497,0,1970-01-01 00:00:01.606379280
509,BTCUSDT,1606379340000,17025.5,17113.68,17000.0,17075.29,3065.568,1606379399999,52300676.64466,13897,1582.406,27002482.71036,0,1970-01-01 00:00:01.606379340
510,BTCUSDT,1606379400000,17073.01,17084.56,16711.0,16800.1,6130.120,1606379459999,103315789.19311,21613,2295.871,38699800.49805,0,1970-01-01 00:00:01.606379400
511,BTCUSDT,1606379460000,16795.39,16884.84,16658.61,16672.27,4344.453,1606379519999,72912896.8699,16081,1610.595,27071558.48671,0,1970-01-01 00:00:01.606379460
512,BTCUSDT,1606379520000,16666.69,16728.0,16406.94,16704.0,8929.393,1606379579999,147898150.03546,27510,3715.055,61568449.88875,0,1970-01-01 00:00:01.606379520
513,BTCUSDT,1606379580000,16704.0,16999.0,16537.7,16891.27,6655.814,1606379639999,111620252.86416,22739,3139.137,52671735.87929,0,1970-01-01 00:00:01.606379580
514,BTCUSDT,1606379640000,16893.7,16896.31,16769.82,16858.7,2790.127,1606379699999,46979646.64446,13690,1373.159,23121844.94296,0,1970-01-01 00:00:01.606379640
515,BTCUSDT,1606379700000,16858.7,17019.01,16832.05,16918.4,3193.527,1606379759999,54072973.94843,12332,1635.279,27692138.19704,0,1970-01-01 00:00:01.606379700
516,BTCUSDT,1606379760000,16920.0,16988.67,16850.0,16910.84,2076.224,1606379819999,35122603.20187,9380,981.096,16599357.37332,0,1970-01-01 00:00:01.606379760
517,BTCUSDT,1606379820000,16910.52,16914.7,16759.72,16784.65,1731.685,1606379879999,29148682.51266,6691,564.996,9510489.08381,0,1970-01-01 00:00:01.606379820
518,BTCUSDT,1606379880000,16784.64,16897.44,16766.35,16864.81,1267.485,1606379939999,21355032.56711,6420,717.752,12092587.24659,0,1970-01-01 00:00:01.606379880
519,BTCUSDT,1606379940000,16864.82,16864.82,16760.0,16775.0,1408.450,1606379999999,23662433.66971,6763,619.965,10416747.03451,0,1970-01-01 00:00:01.606379940
520,BTCUSDT,1606380000000,16775.01,16836.77,16754.56,16814.08,1337.169,1606380059999,22461738.6332,6314,761.338,12794288.17979,0,1970-01-01 00:00:01.606380000
521,BTCUSDT,1606380060000,16820.21,16892.45,16785.33,16862.29,898.048,1606380119999,15113790.1468,4493,521.368,8779350.34682,0,1970-01-01 00:00:01.606380060
522,BTCUSDT,1606380120000,16860.75,16944.66,16860.75,16917.02,1508.888,1606380179999,25510934.88447,6326,624.063,10553247.09742,0,1970-01-01 00:00:01.606380120
523,BTCUSDT,1606380180000,16918.75,16919.73,16880.32,16902.92,619.642,1606380239999,10472115.2009,3279,253.422,4283305.55416,0,1970-01-01 00:00:01.606380180
524,BTCUSDT,1606380240000,16905.06,16907.73,16821.1,16838.46,726.936,1606380299999,12253492.67975,3645,290.321,4893385.09757,0,1970-01-01 00:00:01.606380240
525,BTCUSDT,1606380300000,16838.55,16838.57,16754.07,16789.35,1157.103,1606380359999,19436959.03435,5010,422.410,7098844.05319,0,1970-01-01 00:00:01.606380300
526,BTCUSDT,1606380360000,16784.91,16820.99,16700.0,16720.65,1168.735,1606380419999,19603044.82569,5410,497.620,8351373.58528,0,1970-01-01 00:00:01.606380360
527,BTCUSDT,1606380420000,16720.65,16754.5,16650.0,16650.6,1581.993,1606380479999,26426235.73065,7248,571.553,9550597.99271,0,1970-01-01 00:00:01.606380420
528,BTCUSDT,1606380480000,16650.6,16730.97,16618.95,16682.4,1747.399,1606380539999,29155029.3665,8582,987.288,16476691.64378,0,1970-01-01 00:00:01.606380480
529,BTCUSDT,1606380540000,16682.08,16726.18,16618.22,16630.24,1211.804,1606380599999,20209155.70118,6078,526.143,8780235.37373,0,1970-01-01 00:00:01.606380540
530,BTCUSDT,1606380600000,16627.72,16650.82,16516.0,16558.17,1865.809,1606380659999,30917455.78264,9526,749.151,12414459.20909,0,1970-01-01 00:00:01.606380600
531,BTCUSDT,1606380660000,16556.22,16563.94,16312.0,16496.09,5720.525,1606380719999,94068553.00403,20874,2320.730,38191852.87060,0,1970-01-01 00:00:01.606380660
532,BTCUSDT,1606380720000,16495.15,16667.71,16419.76,16619.38,3704.250,1606380779999,61340644.26365,15466,2009.482,33282882.36213,0,1970-01-01 00:00:01.606380720
533,BTCUSDT,1606380780000,16615.23,16696.0,16608.0,16639.99,2211.530,1606380839999,36826644.66934,10386,1201.874,20020306.72066,0,1970-01-01 00:00:01.606380780
534,BTCUSDT,1606380840000,16639.99,16688.05,16564.38,16681.74,1240.002,1606380899999,20621169.83124,7441,583.672,9708758.83172,0,1970-01-01 00:00:01.606380840
535,BTCUSDT,1606380900000,16681.55,16794.4,16658.18,16760.93,2176.293,1606380959999,36404398.55833,8327,1509.149,25243730.34857,0,1970-01-01 00:00:01.606380900
536,BTCUSDT,1606380960000,16760.92,16878.56,16756.24,16842.12,2003.792,1606381019999,33689701.83692,9076,1101.859,18526711.38292,0,1970-01-01 00:00:01.606380960
537,BTCUSDT,1606381020000,16842.98,17000.0,16834.04,16973.24,2252.046,1606381079999,38116342.22697,9741,1299.563,21998182.79947,0,1970-01-01 00:00:01.606381020
538,BTCUSDT,1606381080000,16968.91,17000.0,16855.0,16885.31,2192.187,1606381139999,37109988.54537,9898,894.416,15140424.89649,0,1970-01-01 00:00:01.606381080
539,BTCUSDT,1606381140000,16885.27,16923.49,16851.98,16891.73,1189.224,1606381199999,20079732.02719,6398,572.845,9672920.88299,0,1970-01-01 00:00:01.606381140
540,BTCUSDT,1606381200000,16895.52,16920.12,16830.0,16897.59,1079.074,1606381259999,18215937.99315,5920,566.709,9570111.30146,0,1970-01-01 00:00:01.606381200
541,BTCUSDT,1606381260000,16899.14,16948.76,16865.05,16902.15,1580.970,1606381319999,26741190.97635,7077,854.519,14455901.18565,0,1970-01-01 00:00:01.606381260
542,BTCUSDT,1606381320000,16902.16,17000.0,16896.0,16997.42,1146.688,1606381379999,19442744.53658,5242,712.532,12083427.70853,0,1970-01-01 00:00:01.606381320
543,BTCUSDT,1606381380000,16997.44,17065.58,16983.31,17061.61,1480.953,1606381439999,25199694.53872,7290,970.648,16520330.93282,0,1970-01-01 00:00:01.606381380
544,BTCUSDT,1606381440000,17063.69,17112.0,17031.37,17064.07,1726.317,1606381499999,29477693.43115,8379,855.628,14612804.70929,0,1970-01-01 00:00:01.606381440
545,BTCUSDT,1606381500000,17066.16,17100.0,16980.0,17001.49,1275.987,1606381559999,21734500.98223,5748,438.496,7471188.97037,0,1970-01-01 00:00:01.606381500
546,BTCUSDT,1606381560000,17003.3,17045.0,16904.22,16996.72,1322.618,1606381619999,22448365.78599,6761,583.491,9908021.54845,0,1970-01-01 00:00:01.606381560
547,BTCUSDT,1606381620000,16995.02,17042.7,16940.4,16942.15,755.663,1606381679999,12842279.38319,3739,317.396,5396201.35967,0,1970-01-01 00:00:01.606381620
548,BTCUSDT,1606381680000,16942.14,16972.68,16933.3,16972.66,592.858,1606381739999,10049499.86317,2902,280.738,4758933.53376,0,1970-01-01 00:00:01.606381680
549,BTCUSDT,1606381740000,16972.2,17004.4,16934.25,17000.01,786.008,1606381799999,13334301.92321,2781,466.557,7916540.82940,0,1970-01-01 00:00:01.606381740
550,BTCUSDT,1606381800000,17000.01,17038.54,16985.04,17028.8,617.668,1606381859999,10510486.31628,3011,341.447,5810199.14883,0,1970-01-01 00:00:01.606381800
551,BTCUSDT,1606381860000,17028.8,17030.59,16961.32,16961.32,505.312,1606381919999,8588064.91933,2672,179.275,3046624.55314,0,1970-01-01 00:00:01.606381860
552,BTCUSDT,1606381920000,16961.33,17009.0,16948.4,16997.99,442.481,1606381979999,7515853.9184,2368,205.500,3490926.60435,0,1970-01-01 00:00:01.606381920
553,BTCUSDT,1606381980000,16998.0,16999.95,16950.0,16987.99,334.262,1606382039999,5674051.97211,1842,146.835,2492769.52896,0,1970-01-01 00:00:01.606381980
554,BTCUSDT,1606382040000,16988.97,17036.51,16983.66,17012.36,657.912,1606382099999,11193628.28758,2719,404.610,6883513.22204,0,1970-01-01 00:00:01.606382040
555,BTCUSDT,1606382100000,17012.35,17037.0,16966.02,16975.38,499.813,1606382159999,8499684.03942,2616,205.376,3492819.66496,0,1970-01-01 00:00:01.606382100
556,BTCUSDT,1606382160000,16975.2,16999.46,16939.98,16946.27,463.851,1606382219999,7869248.45981,2833,181.033,3071846.59527,0,1970-01-01 00:00:01.606382160
557,BTCUSDT,1606382220000,16946.12,16946.48,16860.0,16892.8,1147.457,1606382279999,19392298.10131,4614,390.499,6599432.39239,0,1970-01-01 00:00:01.606382220
558,BTCUSDT,1606382280000,16893.75,16920.0,16874.35,16919.98,566.472,1606382339999,9571316.91703,2797,285.062,4817705.36947,0,1970-01-01 00:00:01.606382280
559,BTCUSDT,1606382340000,16918.12,16963.82,16916.0,16940.69,639.948,1606382399999,10840546.59376,2947,452.575,7666550.22914,0,1970-01-01 00:00:01.606382340
560,BTCUSDT,1606382400000,16940.7,17022.42,16938.96,16998.94,584.875,1606382459999,9933167.75959,2796,342.909,5825560.40948,0,1970-01-01 00:00:01.606382400
561,BTCUSDT,1606382460000,16998.94,17035.0,16983.63,17008.78,516.169,1606382519999,8780173.28006,2524,258.599,4399890.46977,0,1970-01-01 00:00:01.606382460
562,BTCUSDT,1606382520000,17008.78,17019.86,16953.44,16961.47,373.808,1606382579999,6350073.90415,1912,137.164,2330301.99154,0,1970-01-01 00:00:01.606382520
563,BTCUSDT,1606382580000,16961.41,16962.24,16875.66,16918.44,696.221,1606382639999,11778272.29773,3629,213.558,3613186.24268,0,1970-01-01 00:00:01.606382580
564,BTCUSDT,1606382640000,16918.44,16940.47,16900.79,16927.69,262.662,1606382699999,4444301.36958,1426,103.145,1745331.63025,0,1970-01-01 00:00:01.606382640
565,BTCUSDT,1606382700000,16927.69,16927.71,16887.0,16913.85,413.055,1606382759999,6982657.59469,1707,119.953,2027824.61367,0,1970-01-01 00:00:01.606382700
566,BTCUSDT,1606382760000,16913.07,16917.49,16828.8,16846.24,1391.953,1606382819999,23466343.4518,5457,342.979,5780997.17609,0,1970-01-01 00:00:01.606382760
567,BTCUSDT,1606382820000,16842.1,16869.45,16812.1,16869.21,583.850,1606382879999,9829164.99575,2941,268.274,4517528.76239,0,1970-01-01 00:00:01.606382820
568,BTCUSDT,1606382880000,16867.77,16884.43,16745.04,16807.7,1320.338,1606382939999,22191582.04311,4924,419.632,7060082.17185,0,1970-01-01 00:00:01.606382880
569,BTCUSDT,1606382940000,16807.69,16807.69,16726.0,16766.0,1345.128,1606382999999,22550026.73953,6503,526.721,8831235.91955,0,1970-01-01 00:00:01.606382940
570,BTCUSDT,1606383000000,16765.99,16841.45,16701.0,16840.09,1354.777,1606383059999,22701940.05122,5788,780.802,13094923.66085,0,1970-01-01 00:00:01.606383000
571,BTCUSDT,1606383060000,16841.46,16887.51,16801.7,16847.07,772.932,1606383119999,13021714.74132,5237,356.768,6011169.65419,0,1970-01-01 00:00:01.606383060
572,BTCUSDT,1606383120000,16847.06,16853.68,16768.03,16814.38,513.533,1606383179999,8631841.75474,2859,173.391,2913969.86401,0,1970-01-01 00:00:01.606383120
573,BTCUSDT,1606383180000,16814.38,16832.25,16751.17,16765.16,675.311,1606383239999,11336065.9776,3359,354.683,5953926.81428,0,1970-01-01 00:00:01.606383180
574,BTCUSDT,1606383240000,16765.17,16818.5,16724.04,16814.95,643.217,1606383299999,10782465.826,3534,288.687,4841657.67805,0,1970-01-01 00:00:01.606383240
575,BTCUSDT,1606383300000,16814.96,16817.3,16737.16,16792.56,692.017,1606383359999,11603775.30111,3482,224.337,3762098.27556,0,1970-01-01 00:00:01.606383300
576,BTCUSDT,1606383360000,16791.5,16793.98,16746.63,16777.57,326.377,1606383419999,5473373.08742,2041,128.914,2162239.99197,0,1970-01-01 00:00:01.606383360
577,BTCUSDT,1606383420000,16779.71,16874.0,16753.5,16863.1,639.474,1606383479999,10755500.32462,3271,437.032,7353006.93204,0,1970-01-01 00:00:01.606383420
578,BTCUSDT,1606383480000,16866.79,16919.2,16840.21,16874.41,917.860,1606383539999,15497109.60422,4461,505.888,8543424.43322,0,1970-01-01 00:00:01.606383480
579,BTCUSDT,1606383540000,16873.13,16901.65,16839.12,16844.59,457.258,1606383599999,7713897.41093,2406,127.136,2145488.16322,0,1970-01-01 00:00:01.606383540
580,BTCUSDT,1606383600000,16844.6,16850.35,16781.99,16814.36,812.625,1606383659999,13660656.43074,4199,384.252,6458255.63218,0,1970-01-01 00:00:01.606383600
581,BTCUSDT,1606383660000,16814.19,16815.62,16755.17,16791.99,498.393,1606383719999,8365499.34302,2820,258.056,4331706.85989,0,1970-01-01 00:00:01.606383660
582,BTCUSDT,1606383720000,16791.45,16823.1,16765.18,16815.98,503.015,1606383779999,8445072.84891,1720,239.010,4014415.35734,0,1970-01-01 00:00:01.606383720
583,BTCUSDT,1606383780000,16815.51,16884.43,16814.2,16870.0,687.768,1606383839999,11591837.0406,2859,481.862,8122216.03144,0,1970-01-01 00:00:01.606383780
584,BTCUSDT,1606383840000,16870.48,16889.35,16835.7,16881.65,555.187,1606383899999,9361817.27027,2636,287.757,4853857.80256,0,1970-01-01 00:00:01.606383840
585,BTCUSDT,1606383900000,16881.66,16930.0,16873.87,16903.87,560.295,1606383959999,9472148.14737,2632,322.750,5456169.20749,0,1970-01-01 00:00:01.606383900
586,BTCUSDT,1606383960000,16904.08,16958.64,16902.5,16933.32,509.474,1606384019999,8628970.98856,2741,344.257,5831651.66783,0,1970-01-01 00:00:01.606383960
587,BTCUSDT,1606384020000,16933.32,16933.32,16870.9,16894.7,732.931,1606384079999,12387597.10863,2820,154.917,2618912.93667,0,1970-01-01 00:00:01.606384020
588,BTCUSDT,1606384080000,16894.7,16900.0,16872.0,16892.3,290.063,1606384139999,4898139.75729,1594,110.653,1868876.15276,0,1970-01-01 00:00:01.606384080
589,BTCUSDT,1606384140000,16892.24,16950.0,16890.48,16927.42,627.473,1606384199999,10617728.09548,2488,436.040,7377235.08044,0,1970-01-01 00:00:01.606384140
590,BTCUSDT,1606384200000,16927.41,16951.7,16919.52,16935.34,270.878,1606384259999,4588249.19143,1442,167.926,2844618.13026,0,1970-01-01 00:00:01.606384200
591,BTCUSDT,1606384260000,16936.4,16980.92,16935.38,16965.65,547.493,1606384319999,9288658.91464,2068,284.186,4820651.68651,0,1970-01-01 00:00:01.606384260
592,BTCUSDT,1606384320000,16964.51,16976.27,16938.6,16938.6,418.095,1606384379999,7089465.274,1760,104.873,1778496.40203,0,1970-01-01 00:00:01.606384320
593,BTCUSDT,1606384380000,16938.6,16994.29,16927.06,16989.63,464.121,1606384439999,7875927.17055,1841,302.947,5141407.69940,0,1970-01-01 00:00:01.606384380
594,BTCUSDT,1606384440000,16988.5,17013.47,16981.09,16994.74,756.760,1606384499999,12863897.35826,2641,430.162,7312729.40173,0,1970-01-01 00:00:01.606384440
595,BTCUSDT,1606384500000,16995.11,17011.52,16974.0,16996.68,305.112,1606384559999,5184650.42401,1537,148.889,2529986.49836,0,1970-01-01 00:00:01.606384500
596,BTCUSDT,1606384560000,16997.85,17026.0,16992.0,17022.49,415.816,1606384619999,7071578.99945,1540,289.951,4931408.88025,0,1970-01-01 00:00:01.606384560
597,BTCUSDT,1606384620000,17022.5,17048.8,17012.69,17028.63,655.322,1606384679999,11161303.69484,2897,315.947,5381721.72669,0,1970-01-01 00:00:01.606384620
598,BTCUSDT,1606384680000,17030.49,17088.36,17030.49,17088.36,555.557,1606384739999,9478509.91706,2620,436.311,7443727.67223,0,1970-01-01 00:00:01.606384680
599,BTCUSDT,1606384740000,17088.36,17150.0,17038.0,17072.65,1199.039,1606384799999,20495438.8236,5480,626.358,10710394.04692,0,1970-01-01 00:00:01.606384740
